asin,title,category_id,category_name,actual_demand,predicted_demand,absolute_error,squared_error,prediction_status,model_name,reasoning,raw_response,error_message
B0CB2YNTPD,Halloween Headbands Pumpkin Bow Design Hair Bands Happy Halloween Party Hair Accessories for Kids Women Cute Pumpkin Mesh Headwear Hair Hoop for Halloween Hair Decorations 1Pcs,47,Hair Care Products,200,1500,1300,1690000,success,llama3.2:latest,"Estimated from multi-source Amazon, YouTube, and Reddit signals","{
  ""predicted_demand"": 1500,
  ""reasoning"": ""The test product's price ($8.99) is relatively low compared to the reference products, with an average price of $20.39. The product's star rating (5.0) is also higher than the average star rating of the reference products (4.5). Additionally, the product's title and description suggest a seasonal and playful theme, which is consistent with the Halloween season. The high number of 5-star reviews and favorable sentiment on YouTube and Reddit suggest a strong demand for the product, similar to",
B0C5C5BCQ8,"3 Pieces Hair Comb Set for Women-Wide Tooth Comb,Rat Tail Comb for Parting Teasing-Detangling Hair Combs for Curly/Straight/Short/Wet Hair,Anti-Static Heat Resistant Hair Styling Comb Set(Pink)",47,Hair Care Products,200,1500,1300,1690000,success,llama3.2:latest,"Based on the high star ratings (4.9) and positive reviews across multiple platforms (Amazon, YouTube, Reddit), the test product's demand is estimated to be lower than the top-rated reference product (Fearless Tape) but higher than the mid-range reference products (Hair Dryer Brush and Styler Volumizer, Large Hair Claw Clips). The test product's price point ($7.99) is also comparable to the mid-range reference products, suggesting a moderate demand estimate.","{
  ""predicted_demand"": 1500,
  ""reasoning"": ""Based on the high star ratings (4.9) and positive reviews across multiple platforms (Amazon, YouTube, Reddit), the test product's demand is estimated to be lower than the top-rated reference product (Fearless Tape) but higher than the mid-range reference products (Hair Dryer Brush and Styler Volumizer, Large Hair Claw Clips). The test product's price point ($7.99) is also comparable to the mid-range reference products, suggesting a moderate demand estimate.""",
B0B44G1V73,the kure bond repair shampoo,47,Hair Care Products,5000,1200,3800,14440000,success,llama3.2:latest,"Estimated from multi-source Amazon, YouTube, and Reddit signals","{
  ""predicted_demand"": 1200,
  ""reasoning"": ""Based on the high demand for the reference products, particularly the PURA D'OR Professional Grade Biotin Shampoo For Thinning Hair, Clinica ($29.95) and the Amika The Kure Bond Repair Shampoo ($28.0), which both have strong positive reviews and are popular among users with hair care concerns. The test product's title and price are similar to these reference products, suggesting a similar target audience. Additionally, the high number of review videos on YouTube and favorable Reddit discussions indicate a",
B0041QZOF0,"BaBylissPRO Nano Titanium Travel Dryer, Blue",47,Hair Care Products,2000,1500,500,250000,success,llama3.2:latest,"Estimated from multi-source Amazon, YouTube, and Reddit signals","{
  ""predicted_demand"": 1500,
  ""reasoning"": ""Based on the high price point ($34.99) and 4.4-star rating, the test product is likely to be a high-end travel dryer. The positive reviews on Amazon, YouTube, and Reddit suggest strong consumer enthusiasm, particularly for its portability and performance. The reference product with a similar price point (Reference Product 4: $29.95) had a moderate demand of 500 units, while the one with a slightly lower price point (Reference Product 3: $17.99) had",
B074M6577N,"SWEETV Jeweled Baroque Queen Crown - Rhinestone Wedding Crowns and Tiaras for Women, Costume Party Hair Accessories with Gemstones,Victoria",47,Hair Care Products,600,1500,900,810000,success,llama3.2:latest,"Estimated from multi-source Amazon, YouTube, and Reddit signals","{
  ""predicted_demand"": 1500,
  ""reasoning"": ""Based on the high price point ($18.99) and 4.6-star rating, the test product's demand is estimated to be lower than the reference products with similar price points (e.g., PURA D'OR Shampoo, $29.95). However, the test product's YouTube review videos (5 videos, avg ~0 views) and Reddit discussions (5 reviews, favorable sentiment) suggest a moderate level of interest. Considering the test product's title and description, it appears to be a unique",
B08XKSDW9M,Dove Refillable Deodorant Starter Kit 0% Aluminum Cucumber & Green Tea Aluminum Free Deodorant 1.13 oz,52,Personal Care Products,400,800,400,160000,success,llama3.2:latest,"Based on the high demand for refillable deodorants, the positive sentiment from Amazon reviews, YouTube hype, and Reddit discussions, and the relatively low price point of $5.99, I estimate the test product's boughtInLastMonth to be 800 units. The reference products show a strong correlation between positive reviews, YouTube views, and Reddit sentiment, suggesting that the test product will likely perform similarly.","{
  ""predicted_demand"": 800,
  ""reasoning"": ""Based on the high demand for refillable deodorants, the positive sentiment from Amazon reviews, YouTube hype, and Reddit discussions, and the relatively low price point of $5.99, I estimate the test product's boughtInLastMonth to be 800 units. The reference products show a strong correlation between positive reviews, YouTube views, and Reddit sentiment, suggesting that the test product will likely perform similarly.""",
B08GCX5V9G,"Supergoop! Unseen Sunscreen - SPF 40-1.7 fl oz - Invisible, Broad Spectrum Face Sunscreen - Weightless, Scentless, and Oil Free - For All Skin Types and Skin Tones",52,Personal Care Products,3000,1200,1800,3240000,success,llama3.2:latest,"Estimated from multi-source Amazon, YouTube, and Reddit signals","{
  ""predicted_demand"": 1200,
  ""reasoning"": ""Based on the high number of 5-star reviews, favorable YouTube reviews, and positive Reddit discussions, the test product's demand is estimated to be higher than the top-selling reference product (Reference Product 3). The product's unique selling point of being invisible and broad-spectrum, combined with its high rating and positive customer feedback, suggest a strong demand. The estimated demand is higher than the top-selling reference product, which had 1000 units sold in the last month, indicating a strong potential for the test product to",
B06ZZHGYGV,"Bath Accessories Deodorant Be-gone Remover Sponge, 2 Count",52,Personal Care Products,900,800,100,10000,success,llama3.2:latest,"Based on the high demand for the reference products (1000-1000), favorable reviews, and positive sentiment on YouTube and Reddit, I estimate the test product's demand to be around 800 units, considering its similar price point and product category.","{
  ""predicted_demand"": 800,
  ""reasoning"": ""Based on the high demand for the reference products (1000-1000), favorable reviews, and positive sentiment on YouTube and Reddit, I estimate the test product's demand to be around 800 units, considering its similar price point and product category.""",
B0B85BJ488,"120 PCS Under Eye Patches - 24K Skin Care Gold- Eye Patch for Puffy Eyes Anti-Aging Collagen Hyaluronic Acid Eye Masks for Dark Circles and Puffiness, Anti-Wrinkle and Hydrating skin care",52,Personal Care Products,2000,800,1200,1440000,success,llama3.2:latest,"Estimated from multi-source Amazon, YouTube, and Reddit signals","{
  ""predicted_demand"": 800,
  ""reasoning"": ""Based on the high demand for under-eye patches, the positive sentiment from Amazon reviews, YouTube hype, and Reddit recommendations, and the relatively low price point of $9.99, I estimate the test product's boughtInLastMonth to be around 800 units, similar to the high-demand products like Dial Kids 2-in-1 Body+Hair Wash and KECUCO 3 Pcs Bath Sponge, but slightly lower than the top-selling Bubble Skincare Fresh Start Gel Cleanser and Maja Bath and Shower Gel",
B07VR6BBY8,Supergoop! Superscreen - 1.7 fl oz - SPF 40 PA+++ Hydrating Daily Moisturizer Sunscreen - Protection from UV Rays + Helps Filter Pollution & Blue Light,52,Personal Care Products,1000,800,200,40000,success,llama3.2:latest,"Estimated from multi-source Amazon, YouTube, and Reddit signals","{
  ""predicted_demand"": 800,
  ""reasoning"": ""The test product's price ($44.0) is higher than Reference Product 2 ($8.28) and Reference Product 3 ($7.47), but its Amazon review rating (4.5) is higher than Reference Product 2 (4.6) and Reference Product 3 (4.5). The test product's YouTube review videos (5) and Reddit sentiment (favorable recommendations) are comparable to those of Reference Product 1 ($11.82). Given the test product's higher price and comparable",
B006XA7JY6,eKids IHOME Minnie Mouse Headphones,71,Headphones & Earbuds,100,200,100,10000,success,llama3.2:latest,"Estimated from multi-source Amazon, YouTube, and Reddit signals","{
  ""predicted_demand"": 200,
  ""reasoning"": ""The test product's price ($17.64) is lower than Reference Product 1 ($19.89) but higher than Reference Product 4 ($18.99), suggesting a mid-range positioning. The product's Amazon review scores (4.5) and YouTube review videos (5) are similar to those of Reference Product 1, indicating strong consumer interest. Additionally, the Reddit discussions (r/r/ironmouse, r/r/HeadphoneAdvice) focus on the product's suitability for young children, which is a",
B004Z4C0RI,"Disney Princess Kids Headphones For Kids Adjustable Stereo Tangle-Free 3.5Mm Jack Wired Cord Over Ear Headset For Children Parental Volume Control Kid Friendly Safe (Frustration Free Packaging), DP-140.EXv6, Pink",71,Headphones & Earbuds,200,200,0,0,success,llama3.2:latest,"The test product's price and star rating are similar to Reference Product 1, which had a moderate demand. The product's Amazon reviews and YouTube videos have a similar tone and style to those of Reference Product 1, indicating a similar level of consumer interest. Additionally, the Reddit sentiment is favorable, similar to Reference Product 1, suggesting a moderate demand for the test product.","{
  ""predicted_demand"": 200,
  ""reasoning"": ""The test product's price and star rating are similar to Reference Product 1, which had a moderate demand. The product's Amazon reviews and YouTube videos have a similar tone and style to those of Reference Product 1, indicating a similar level of consumer interest. Additionally, the Reddit sentiment is favorable, similar to Reference Product 1, suggesting a moderate demand for the test product.""
}",
B0C5F7JYJC,MUSICOZY Sleep Headphones Bluetooth Sleep Eye Mask for Sleeping Wireless Music Sleeping Headphones Headband Eye Mask Sleep Earbuds for Side Sleepers Men Women with Speakers Cool Tech Gadgets,71,Headphones & Earbuds,50,200,150,22500,success,llama3.2:latest,"Estimated from multi-source Amazon, YouTube, and Reddit signals","{
  ""predicted_demand"": 200,
  ""reasoning"": ""The test product's price ($22.99) is relatively competitive with the reference products, with a median price of $49.95. The product's Amazon review rating (4.3) is slightly lower than the median rating of the reference products (4.4), but the number of reviews is similar. The YouTube review videos (avg ~0 views) and Reddit discussions (focus on price-to-utility ratio) suggest a strong interest in the product, but the sentiment is not as overwhelmingly positive as the reference products",
B00HVLUR54,"Audio-Technica ATH-M40x Professional Studio Monitor Headphone, Black, with Cutting Edge Engineering, 90 Degree Swiveling Earcups, Pro-grade Earpads/Headband, Detachable Cables Included",71,Headphones & Earbuds,800,200,600,360000,success,llama3.2:latest,"The test product, Audio-Technica ATH-M40x, has a high number of favorable reviews, a high star rating, and is mentioned in multiple YouTube review videos and Reddit discussions. This suggests a strong demand for the product. The price of the test product is higher than the reference products, but the reviews and sentiment are more positive, indicating a higher demand. The predicted demand is estimated to be 200 units, based on the average demand of the reference products with similar characteristics.","{
  ""predicted_demand"": 200,
  ""reasoning"": ""The test product, Audio-Technica ATH-M40x, has a high number of favorable reviews, a high star rating, and is mentioned in multiple YouTube review videos and Reddit discussions. This suggests a strong demand for the product. The price of the test product is higher than the reference products, but the reviews and sentiment are more positive, indicating a higher demand. The predicted demand is estimated to be 200 units, based on the average demand of the reference products with similar characteristics.""",
B08WJLZVHB,"3M Pro-Comms Electronic Hearing Protection with Bluetooth Wireless Technology and External Microphones, Bluetooth Headphones, NRR 26 dB,Black/Red",71,Headphones & Earbuds,200,200,0,0,success,llama3.2:latest,"Estimated from multi-source Amazon, YouTube, and Reddit signals","{
  ""predicted_demand"": 200,
  ""reasoning"": ""The test product's price ($122.74) is higher than Reference Product 4 ($18.99) and lower than Reference Product 2 ($149.99), suggesting a mid-range product. The test product's Amazon reviews (5-star) and YouTube reviews (5 review videos with ~0 views) indicate strong consumer interest, similar to Reference Product 1 ($19.89). The Reddit sentiment is favorable, with 5-star reviews and recommendations in product category subreddits. Considering these factors, the predicted demand",
B09M5ZK6PY,Men's Woven Silk Dress Shirt Button Down Casual Jacquard Shirts Long-Sleeve Shirt Prom Wedding Regular Fit,110,Men's Clothing,50,200,150,22500,success,llama3.2:latest,"Based on the high demand for the test product's category (Men's Clothing) and the strong positive sentiment from Amazon reviews, YouTube reviews, and Reddit discussions, I estimate the test product's demand to be 200 units purchased on Amazon in the last month. The test product's price point ($33.99) is slightly higher than the reference products, but the overall positive sentiment and high demand for the category suggest a strong potential for sales.","{
  ""predicted_demand"": 200,
  ""reasoning"": ""Based on the high demand for the test product's category (Men's Clothing) and the strong positive sentiment from Amazon reviews, YouTube reviews, and Reddit discussions, I estimate the test product's demand to be 200 units purchased on Amazon in the last month. The test product's price point ($33.99) is slightly higher than the reference products, but the overall positive sentiment and high demand for the category suggest a strong potential for sales.""",
B07HPGVJPN,"Sweatproof Mens Boxer Briefs Modal Fly Underwear w Sweat Pads, Silver Treated to Fight Odor, Aluminum Free Alternative",110,Men's Clothing,50,200,150,22500,success,llama3.2:latest,"Based on the high demand for Reference Product 3 (Men's Shorts) and Reference Product 4 (10P Pack Men's Cotton Moisture Wicking Cushion Low Cut Socks), which both have strong Reddit sentiment and YouTube demonstration interest, I estimate the test product's demand to be lower due to its higher price point. However, the positive reviews and YouTube hype suggest a strong interest in the product, leading me to predict a moderate demand of 200 units.","{
  ""predicted_demand"": 200,
  ""reasoning"": ""Based on the high demand for Reference Product 3 (Men's Shorts) and Reference Product 4 (10P Pack Men's Cotton Moisture Wicking Cushion Low Cut Socks), which both have strong Reddit sentiment and YouTube demonstration interest, I estimate the test product's demand to be lower due to its higher price point. However, the positive reviews and YouTube hype suggest a strong interest in the product, leading me to predict a moderate demand of 200 units.""",
B06XHVMV9C,"Men's Athletic Gym Mesh Shorts with Pockets, Lightweight, Quick Dry, Breathable",110,Men's Clothing,100,200,100,10000,success,llama3.2:latest,"Estimated from multi-source Amazon, YouTube, and Reddit signals","{
  ""predicted_demand"": 200,
  ""reasoning"": ""Based on the reference products, the test product's price ($13.26) is significantly lower than the others, which are priced between $19.99 and $32.00. This lower price point suggests a lower demand. However, the test product's price is still competitive with the lower-priced reference products (e.g., Reference Product 3). The test product's price is also lower than the average price of the reference products ($25.49), which may indicate a lower demand. Additionally, the test product's",
B000BRUGKQ,Mens Heavy Blend Hooded Sweatshirt,110,Men's Clothing,100,200,100,10000,success,llama3.2:latest,"Based on the average demand of the reference products (50-100 units), the test product's demand is estimated to be around 200 units, considering its similar price point ($21.99) and positive reviews on Amazon, YouTube, and Reddit. The test product's price is slightly lower than Reference Product 3, which had a higher demand, but the overall sentiment and product features suggest a moderate demand.","{
  ""predicted_demand"": 200,
  ""reasoning"": ""Based on the average demand of the reference products (50-100 units), the test product's demand is estimated to be around 200 units, considering its similar price point ($21.99) and positive reviews on Amazon, YouTube, and Reddit. The test product's price is slightly lower than Reference Product 3, which had a higher demand, but the overall sentiment and product features suggest a moderate demand.""",
B06WP2MM64,Fox River - Wick Dry CoolMax Liner Socks - 3 Pack,110,Men's Clothing,50,200,150,22500,success,llama3.2:latest,"Estimated from multi-source Amazon, YouTube, and Reddit signals","{
  ""predicted_demand"": 200,
  ""reasoning"": ""Based on the high demand for Reference Product 3 (Men's Shorts, Powerblend, Fleece, Soft Fleece Shorts for Men) and Reference Product 4 (10P Pack Men's Cotton Moisture Wicking Cushion Low Cut Socks), which both have high sales volumes and positive reviews, I estimated the test product's demand to be lower due to its niche product category (socks) and slightly higher price point. Additionally, the test product's YouTube and Reddit reviews are highly positive, but the",
B09BN4BBBG,Women's Graphic Print Blazer Button Open Front Long Sleeve Jacket Multicolored,116,Women's Clothing,50,200,150,22500,success,llama3.2:latest,"Based on the high demand for blazers in the 80's Miami Vice party context, the favorable reviews and recommendations on YouTube and Reddit, and the competitive pricing of $39.99, which is slightly higher than Reference Product 1 but lower than Reference Product 5, I estimate the test product's demand to be 200 units, which is higher than Reference Product 2 but lower than Reference Product 3 and Reference Product 4.","{
  ""predicted_demand"": 200,
  ""reasoning"": ""Based on the high demand for blazers in the 80's Miami Vice party context, the favorable reviews and recommendations on YouTube and Reddit, and the competitive pricing of $39.99, which is slightly higher than Reference Product 1 but lower than Reference Product 5, I estimate the test product's demand to be 200 units, which is higher than Reference Product 2 but lower than Reference Product 3 and Reference Product 4.""",
B08N5K6DT1,"Girls' Seamless Soft Cup Bra, 2-Pack",116,Women's Clothing,100,200,100,10000,success,llama3.2:latest,"Based on the high number of 5-star reviews, high consumer demonstration interest on YouTube, and favorable Reddit sentiment, the test product's demand is estimated to be higher than Reference Product 3, but lower than Reference Product 1. The relatively low price point and positive reviews suggest a strong demand, but the lack of high-view YouTube videos and Reddit discussions with a large number of users may indicate a slightly lower demand than Reference Product 1.","{
  ""predicted_demand"": 200,
  ""reasoning"": ""Based on the high number of 5-star reviews, high consumer demonstration interest on YouTube, and favorable Reddit sentiment, the test product's demand is estimated to be higher than Reference Product 3, but lower than Reference Product 1. The relatively low price point and positive reviews suggest a strong demand, but the lack of high-view YouTube videos and Reddit discussions with a large number of users may indicate a slightly lower demand than Reference Product 1.""",
B01CSC6MM2,Women's Faux Leather Moto Biker Short Coat Jacket,116,Women's Clothing,100,200,100,10000,success,llama3.2:latest,"Estimated from multi-source Amazon, YouTube, and Reddit signals","{
  ""predicted_demand"": 200,
  ""reasoning"": ""The test product's title and description suggest a similar style to Reference Product 1, with a focus on a faux leather biker short coat jacket. The price point is slightly higher than Reference Product 1, but the overall sentiment from Amazon reviews, YouTube videos, and Reddit discussions indicates a strong interest in the product. The high consumer demonstration interest and favorable recommendations in product category subreddits suggest a high demand for the test product, similar to Reference Product 1. Therefore, the predicted demand is estimated to be 200",
B089SZ26DR,"Lightweight Women's 28""/30""/32""/34""/36"" Tall Inseam Cotton Soft Jogger with Zipper Pockets Cargo Pants",116,Women's Clothing,200,200,0,0,success,llama3.2:latest,"Based on the high demand for similar products (e.g., Women's Sexy Elegant Ruffle Long Sleeve Off Shoulder Ruched Party Mini, Women's Crewneck Tunics Color Block Comfy Soft Long Sleeve T Shirt Top) and the favorable reviews, sentiment, and recommendations on YouTube and Reddit, I estimated the demand for the Lightweight Women's 28","{
  ""predicted_demand"": 200,
  ""reasoning"": ""Based on the high demand for similar products (e.g., Women's Sexy Elegant Ruffle Long Sleeve Off Shoulder Ruched Party Mini, Women's Crewneck Tunics Color Block Comfy Soft Long Sleeve T Shirt Top) and the favorable reviews, sentiment, and recommendations on YouTube and Reddit, I estimated the demand for the Lightweight Women's 28""/30""/32""/34""/36"" Tall Inseam Cotton Soft Jogger to be 200 units, assuming a similar purchasing pattern as the reference products.""",
B0CC46J9RQ,Women‘s Yoga Jumpsuits Ribbed One Piece Workout Short Sleeve Tops Exercise Jumpsuits,116,Women's Clothing,300,200,100,10000,success,llama3.2:latest,"Estimated from multi-source Amazon, YouTube, and Reddit signals","{
  ""predicted_demand"": 200,
  ""reasoning"": ""Based on the high demand for similar workout wear (e.g., Ribbed Compression BodysuitYIOIOIO Women Work), the positive sentiment from Amazon reviews (5-star ratings, 5 reviews), YouTube hype (5 review videos, 0 views), and Reddit recommendations (favorable sentiment in product category subreddits), I estimate the test product's demand to be 200 units, which is slightly higher than the average demand of the reference products (300 for Women's Sexy Elegant Ruffle Long Sleeve Off Shoulder R",
B075FJBZ8Q,"Plackers 303290518 Twin Line Whitening Floss Picks, Blue, 75 Count (Pack of 4)",126,Oral Care Products,100,400,300,90000,success,llama3.2:latest,"Based on the high demand for Plackers Twin Line Floss Picks, the strong positive sentiment from Amazon reviews, YouTube reviews, and Reddit discussions, and the good price-to-utility ratio, I estimate the test product's boughtInLastMonth to be 400 units. The test product's characteristics and customer feedback align closely with those of Reference Product 4 (AquaSonic Proflex Replacement Brush Heads), which had a high demand of 900 units last month, suggesting a similar demand for the test product.","{
  ""predicted_demand"": 400,
  ""reasoning"": ""Based on the high demand for Plackers Twin Line Floss Picks, the strong positive sentiment from Amazon reviews, YouTube reviews, and Reddit discussions, and the good price-to-utility ratio, I estimate the test product's boughtInLastMonth to be 400 units. The test product's characteristics and customer feedback align closely with those of Reference Product 4 (AquaSonic Proflex Replacement Brush Heads), which had a high demand of 900 units last month, suggesting a similar demand for the test product.""",
B088Q5RPZ9,"Teeth Whitening Kit with LED Light, 35% Carbamide Peroxide, Teeth Whitening Gel, Helps to Remove Stains from Coffee, Smoking, Wines, Soda, Food, Home Dental Products for Sensitive Teeth",126,Oral Care Products,200,1200,1000,1000000,success,llama3.2:latest,"Estimated from multi-source Amazon, YouTube, and Reddit signals","{
  ""predicted_demand"": 1200,
  ""reasoning"": ""Based on the high demand for teeth whitening products (Reference Product 4: 900, Reference Product 5: 700) and the positive sentiment on Reddit (discussions in r/r/Daily_finds, r/r/CashbackHolic), as well as the high consumer demonstration interest on YouTube (5 review videos, avg ~0 views), I estimated the test product's demand to be higher than Reference Product 4 but lower than Reference Product 5. The price of the test product ($23.",
B0063GMAAI,"The Doctor's BrushPicks Interdental Toothpicks, 275 pieces per Pack (1-Pack)",126,Oral Care Products,400,400,0,0,success,llama3.2:latest,"Estimated from multi-source Amazon, YouTube, and Reddit signals","{
  ""predicted_demand"": 400,
  ""reasoning"": ""The test product's price ($6.53) is lower than Reference Product 3 ($8.99), but its Amazon review rating (4.7) is higher than Reference Product 3 (4.4). The test product's YouTube review videos (5) and Reddit sentiment (favorable recommendations) are comparable to those of Reference Product 2 ($19.64) and Reference Product 4 ($12.95), which have higher sales volumes. Considering these factors, the predicted demand for the test product is lower",
B09LD8PTNJ,"PHILIPS Sonicare 2100 Power Toothbrush, Rechargeable Electric Toothbrush, White Mint, HX3661/04",126,Oral Care Products,2000,1200,800,640000,success,llama3.2:latest,"Based on the high demand for similar products (Reference Product 2 and Reference Product 4), the strong positive sentiment from Amazon reviews, YouTube reviews, and Reddit discussions, and the competitive price point, I estimate the test product's demand to be 1200 units in the last month.","{
  ""predicted_demand"": 1200,
  ""reasoning"": ""Based on the high demand for similar products (Reference Product 2 and Reference Product 4), the strong positive sentiment from Amazon reviews, YouTube reviews, and Reddit discussions, and the competitive price point, I estimate the test product's demand to be 1200 units in the last month.""
}",
B0C2T9ZQDR,Replacement Toothbrush Heads Fits Oral B Braun for Precision/Precision Clean PRO/Sensitive/Cross Clean Replacement Brush Heads Pack of 8 Black Standard Clean Heads Refill for 7000/Pro1000/3000/8000,126,Oral Care Products,600,400,200,40000,success,llama3.2:latest,"Estimated from multi-source Amazon, YouTube, and Reddit signals","{
  ""predicted_demand"": 400,
  ""reasoning"": ""Based on the reference products, the test product's demand is estimated to be higher than Reference Product 3 but lower than Reference Product 2, considering the price-to-utility ratio and consumer sentiment. The test product's price is competitive with Reference Product 3, and its replacement heads are a valuable feature, but it lacks the natural ingredients and high price point of Reference Product 2. The estimated demand is also influenced by the high demand for replacement heads of popular electric toothbrushes, as seen in Reference Product 4",
B095K5R5ZR,"Rechargeable Fabric Shaver, Electric Commercial Lint Remover with LED Display & Big Trash Box, 3-Speeds for Removing Fuzz and Pill from Clothes, Furniture, Sweater, Couch and Blanket, Silver",130,Household Supplies,600,1200,600,360000,success,llama3.2:latest,"Estimated from multi-source Amazon, YouTube, and Reddit signals","{
  ""predicted_demand"": 1200,
  ""reasoning"": ""Based on the high demand for the reference products, particularly the Rechargeable Fabric Shaver (Reference Product 4), which has a similar price point and high consumer demonstration interest, I estimate the test product's demand to be around 1200 units. The test product's price point is slightly higher than Reference Product 2, but the high price-to-utility ratio and favorable Reddit sentiment suggest that it will still be in demand. Additionally, the high number of review videos and YouTube hype for the test product indicate a",
B088BBV7DS,"POWEROWL High Capacity LR44 Batteries 40 Pack, L1154F AG13 357 303 SR44 A76 Premium Alkaline Battery 1.5V Button Coin Cell Batteries",130,Household Supplies,10000,2500,7500,56250000,success,llama3.2:latest,"Estimated from multi-source Amazon, YouTube, and Reddit signals","{
  ""predicted_demand"": 2500,
  ""reasoning"": ""The test product's price ($8.99) is lower than Reference Product 5's ($4.97), suggesting a potentially lower demand. However, the test product's price is higher than Reference Product 2's ($13.99), which is a bestseller. The test product's price is also comparable to Reference Product 4's ($21.24), which has a high demand. Considering the test product's high consumer demonstration interest on YouTube and Reddit, as well as its favorable price-to-utility ratio",
B00OHZ78RM,"ATTITUDE Liquid Fabric Softener, Plant- and Mineral-Based Effective Formula, Vegan and Cruelty-free, Wildflowers, 40 Loads, 33.8 Fl Oz",130,Household Supplies,1000,1200,200,40000,success,llama3.2:latest,"Estimated from multi-source Amazon, YouTube, and Reddit signals","{
  ""predicted_demand"": 1200,
  ""reasoning"": ""The test product's price ($9.29) is relatively low compared to the reference products, which suggests a lower price sensitivity. The product's Amazon review score (4.5) and YouTube review count (5 videos with ~0 views) indicate a positive sentiment, but not as strong as Reference Product 2. The Reddit sentiment is favorable, but not as enthusiastic as Reference Product 4. Considering these factors, the predicted demand is lower than Reference Product 2, but higher than Reference Product 3, suggesting",
B082L49F6S,20 pcs Pack LR41 AG3 SR41 392 384 192 Battery 1.5V Button Coin Cell Batteries,130,Household Supplies,900,1500,600,360000,success,llama3.2:latest,"Estimated from multi-source Amazon, YouTube, and Reddit signals","{
  ""predicted_demand"": 1500,
  ""reasoning"": ""The test product's price ($4.99) is relatively low compared to the reference products, which suggests a lower price-to-utility ratio. However, the product has a high number of reviews (5) and a high average rating (4.5), indicating strong consumer satisfaction. The product's YouTube and Reddit discussions also show high consumer interest and a good price-to-utility ratio. Considering these factors, the predicted demand is lower than the top-performing reference product (Reference Product 2) but higher than the",
B004R1BM0U,"Energizer CR2 Lithium Battery, Pack of 2",130,Household Supplies,3000,2500,500,250000,success,llama3.2:latest,"Estimated from multi-source Amazon, YouTube, and Reddit signals","{
  ""predicted_demand"": 2500,
  ""reasoning"": ""The test product's price ($9.99) is closer to the reference product 5's price ($4.97) than the other reference products. The test product's Amazon review rating (4.7) is also closer to the reference product 5's rating (4.8). Additionally, the test product's YouTube review videos (5 videos, avg ~0 views) and Reddit discussions (similar to reference product 5) suggest a strong consumer interest in the product. Considering these factors, the estimated demand",
B0BX92ZT75,"Touchat Wearable Blanket Hoodie, Oversized Sherpa Fleece Sweatshirt Blanket with Giant Hood Pocket and Sleeves for Adult, Warm & Cozy Grey Hooded Blanket Gifts for Adult Women Men",164,Bedding,1000,200,800,640000,success,llama3.2:latest,"Based on the high demand and positive sentiment of Reference Product 5, which has a similar price point and features a wearable blanket design, I estimate the test product's demand to be lower due to its slightly higher price and less niche audience. Additionally, the test product's YouTube presence is less prominent than Reference Product 5's, and its Reddit sentiment is similar, suggesting a lower demand than Reference Product 5.","{
  ""predicted_demand"": 200,
  ""reasoning"": ""Based on the high demand and positive sentiment of Reference Product 5, which has a similar price point and features a wearable blanket design, I estimate the test product's demand to be lower due to its slightly higher price and less niche audience. Additionally, the test product's YouTube presence is less prominent than Reference Product 5's, and its Reddit sentiment is similar, suggesting a lower demand than Reference Product 5.""",
B0B5RPHDJ4,Viscose Body Pillows with 100% Viscose Cover Full 21x54 Body Pillows for Adults Premium Adjustable Quilted Body Pillows Firm and Fluffy Pillow (Gray),164,Bedding,100,200,100,10000,success,llama3.2:latest,"Estimated from multi-source Amazon, YouTube, and Reddit signals","{
  ""predicted_demand"": 200,
  ""reasoning"": ""The test product's price ($24.99) is similar to Reference Product 1 ($23.99), and its price-to-utility ratio is comparable to Reference Product 4 ($80.69 for a mattress, but the product is a body pillow). The product's Amazon review sentiment is favorable, with 5-star reviews and positive comments about its softness and comfort. The YouTube review videos have similar average view counts to Reference Product 1, and the Reddit sentiment is positive, with favorable recommendations in product category sub",
B0B31P88GB,"Leg Elevation Pillow Inflatable, Wedge Pillows for Sleeping, Comfort Leg Pillows Improve Circulation, Suitable for Relax Muscles & Comfort Swelling, Pregnant, Surgery and Injury",164,Bedding,300,200,100,10000,success,llama3.2:latest,"Based on the high demand of Reference Product 5, which had a 300 units sold in the last month, and considering the positive customer feedback, YouTube review videos, and Reddit discussions for the test product, I estimated a lower demand of 200 units. The test product's price is lower than Reference Product 5, and its niche audience may not drive as much sales as the latter.","{
  ""predicted_demand"": 200,
  ""reasoning"": ""Based on the high demand of Reference Product 5, which had a 300 units sold in the last month, and considering the positive customer feedback, YouTube review videos, and Reddit discussions for the test product, I estimated a lower demand of 200 units. The test product's price is lower than Reference Product 5, and its niche audience may not drive as much sales as the latter.""",
B09N8P5379,"Standard Size Pillow Shams Set of 2, Ultra Soft Breathable 20 x 26 Inches Pillow Case Envelope Closure, Microfiber Farmhouse Bed Pillowcases for Easy Care, White",164,Bedding,200,200,0,0,success,llama3.2:latest,"Based on the reference products, the test product's demand is estimated to be around 200 units, as it shares similar characteristics with Product 5 (high demand, niche product, and positive customer feedback). The test product's price and star rating are also comparable to Product 5, suggesting a similar level of demand. Additionally, the positive customer feedback and high consumer demonstration interest on YouTube and Reddit support this estimate.","{
  ""predicted_demand"": 200,
  ""reasoning"": ""Based on the reference products, the test product's demand is estimated to be around 200 units, as it shares similar characteristics with Product 5 (high demand, niche product, and positive customer feedback). The test product's price and star rating are also comparable to Product 5, suggesting a similar level of demand. Additionally, the positive customer feedback and high consumer demonstration interest on YouTube and Reddit support this estimate.""",
B07283237Y,"U-Haul King Pillow Top Mattress Bag (Fits Mattresses up to 17"" Thick) - 78"" x 103"" x 17""",164,Bedding,200,200,0,0,success,llama3.2:latest,"Estimated from multi-source Amazon, YouTube, and Reddit signals","{
  ""predicted_demand"": 200,
  ""reasoning"": ""The test product's price ($12.99) is lower than Reference Product 5's price ($30.98), suggesting a lower demand. However, the test product's price is higher than Reference Product 2's price ($9.99), indicating a moderate demand. The test product's price is also lower than Reference Product 3's price ($31.98), suggesting a lower demand. The test product's price is comparable to Reference Product 1's price ($23.99), indicating a moderate demand. The",
B0833F8HWB,"Clear Kitchen Trash Bags 7-10 Gallon Clear Plastic Garbage Bag for Kitchen, Home, Office, Bathroom - Wastebasket Bin Liners - High Density, Leak-Proof Waste Basket Bags 24x24-48 Pack",167,Household Cleaning Supplies,100,150,50,2500,success,llama3.2:latest,"Estimated from multi-source Amazon, YouTube, and Reddit signals","{
  ""predicted_demand"": 150,
  ""reasoning"": ""Based on the average price-to-utilization ratio and the number of favorable reviews across the reference products, the test product's demand is estimated to be lower than the reference products with similar price points. The test product's price is $4.99, which is relatively low, and its reviews are mostly positive, but with a lower number of reviews compared to the reference products. Additionally, the test product's category is not as prominent as the reference products, which suggests a lower demand. However, the test product's price is",
B099GCSSM1,"MagicFiber Microfiber Cleaning Cloth (12 Pack,13x13 in) - Thick, Soft, & Ultra Absorbent Reusable Microfiber Towel, Cleaning Rags, Micro Fiber Cloths or Dusting, Windows, Kitchenware, Cars & More!",167,Household Cleaning Supplies,1000,1500,500,250000,success,llama3.2:latest,"Based on the high demand for microfiber cleaning products, the positive reviews and ratings of the reference products, and the favorable sentiment on Reddit, I estimate the test product's demand to be higher than the lowest reference product (Disposable Gloves) but lower than the highest reference product (Spin Mop Kit). The test product's price and features are competitive with the reference products, suggesting a moderate demand estimate.","{
  ""predicted_demand"": 1500,
  ""reasoning"": ""Based on the high demand for microfiber cleaning products, the positive reviews and ratings of the reference products, and the favorable sentiment on Reddit, I estimate the test product's demand to be higher than the lowest reference product (Disposable Gloves) but lower than the highest reference product (Spin Mop Kit). The test product's price and features are competitive with the reference products, suggesting a moderate demand estimate.""
}",
B07ML4GD4P,Bambaw Bottle Cleaner Brush Set | 4 Cleaning Brushes | Bottle Brush Cleaner Set | Water Bottle Brush | Bottle Scrubber | Small & Long Bottle Brush for Glass - Soft Cotton Tip to Prevent Scratches,167,Household Cleaning Supplies,100,150,50,2500,success,llama3.2:latest,"Estimated from multi-source Amazon, YouTube, and Reddit signals","{
  ""predicted_demand"": 150,
  ""reasoning"": ""Based on the average price ($11.95) and star rating (4.3) of the reference products, the test product's demand is estimated to be lower than the average demand of the reference products. The test product's price is slightly lower than the average price of the reference products, and its star rating is slightly lower than the average star rating of the reference products. Additionally, the test product's title and description suggest a niche product, which may appeal to a smaller audience. Considering these factors, the demand for",
B0BKFRPH15,Silicone Toilet Brush 2 Pack Toilet Bowl Brush and Holder Toilet Cleaner Brush with Silicone Bristles Ventilated Toilet Brushes for Bathroom with Holder for Toilet Scrubber Cleaning,167,Household Cleaning Supplies,3000,150,2850,8122500,success,llama3.2:latest,"Estimated from multi-source Amazon, YouTube, and Reddit signals","{
  ""predicted_demand"": 150,
  ""reasoning"": ""Based on the average price ($13.99) and star rating (4.3) of the reference products, the test product's demand is estimated to be lower than the average demand of the reference products. The test product's price is slightly lower than the average price of the reference products, and its star rating is slightly lower than the average star rating of the reference products. Additionally, the test product's product category (toilet brush) is not as popular as the reference products' categories (microfiber duster,",
B09QD9LPGN,"Wipex Gym Wipes Antibacterial Refills - EPA Registered Bulk Size Disinfecting Cleaning Wipes for Dispensers, Safely Kill Viruses and Bacteria in 15 Seconds, Sanitize Gym Equipment, Fitness Equipment and Surfaces, 800ct Gym Refill Rolls",167,Household Cleaning Supplies,100,1500,1400,1960000,success,llama3.2:latest,"Based on the high demand for the reference products, particularly the Spin Mop Kit and the Fresh Towel Ultra Strong Center Pull Shop Towels, which both have a high price point and positive reviews, I estimate the test product's demand to be higher than the reference product with the lowest demand (Disposable Gloves). The Wipex Gym Wipes Antibacterial Refills have a high price point and positive reviews, and are mentioned in favorably in Reddit discussions, suggesting a strong demand for this product.","{
  ""predicted_demand"": 1500,
  ""reasoning"": ""Based on the high demand for the reference products, particularly the Spin Mop Kit and the Fresh Towel Ultra Strong Center Pull Shop Towels, which both have a high price point and positive reviews, I estimate the test product's demand to be higher than the reference product with the lowest demand (Disposable Gloves). The Wipex Gym Wipes Antibacterial Refills have a high price point and positive reviews, and are mentioned in favorably in Reddit discussions, suggesting a strong demand for this product.""",
B077KQB7SJ,"KSPOWWIN Biscuit Cookie Cutters Set,Stainless Steel Circle Round Cookie Biscuit Cutters in Graduated Sizes Shape Molds for Pastries Doughs Doughnuts, 5 Pieces",170,Kitchen & Dining,1000,2000,1000,1000000,success,llama3.2:latest,"Estimated from multi-source Amazon, YouTube, and Reddit signals","{
  ""predicted_demand"": 2000,
  ""reasoning"": ""Based on the high number of reviews, YouTube views, and Reddit discussions for the reference products, I estimated the test product's demand to be lower than the top 3 reference products (Souper Cubes, FastRack, and Trung Nguyen) but higher than the bottom 2 reference products (Waterproof Refrigerator Fridge Thermometer and AIERSA 10Pcs Straw Cover Cap). The test product's price and star rating are competitive with the top 3 reference products, suggesting a strong demand. Additionally",
B09W4GL91J,"GE 3-in-1 Countertop Microwave Oven | Complete With Air Fryer, Broiler & Convection Mode | 1.0 Cubic Feet Capacity, 1,050 Watts | Kitchen Essentials for the Countertop or Dorm Room | Stainless Steel",170,Kitchen & Dining,3000,6000,3000,9000000,success,llama3.2:latest,"Based on the high demand for similar countertop appliances (e.g., Instant Pot, air fryers) and the positive sentiment from Amazon reviews, YouTube videos, and Reddit discussions, I estimate the test product's demand to be higher than Reference Product 3, but lower than Reference Product 1 and 2, given its more comprehensive set of features. The price point of $189.99 is also consistent with the premium expectations for a countertop microwave oven with air fryer and broiler functions.","{
  ""predicted_demand"": 6000,
  ""reasoning"": ""Based on the high demand for similar countertop appliances (e.g., Instant Pot, air fryers) and the positive sentiment from Amazon reviews, YouTube videos, and Reddit discussions, I estimate the test product's demand to be higher than Reference Product 3, but lower than Reference Product 1 and 2, given its more comprehensive set of features. The price point of $189.99 is also consistent with the premium expectations for a countertop microwave oven with air fryer and broiler functions.""",
B07TKMY2NW,"KitchenAid Gourmet Stainless Steel Wire Masher, 10.24-Inch, Black",170,Kitchen & Dining,4000,2000,2000,4000000,success,llama3.2:latest,"Estimated from multi-source Amazon, YouTube, and Reddit signals","{
  ""predicted_demand"": 2000,
  ""reasoning"": ""Based on the high demand and positive reviews of the reference products (Souper Cubes, FastRack, and AIERSA), as well as the strong sentiment on Reddit and YouTube, I estimate the test product's demand to be similar to the top-performing reference products. The KitchenAid Gourmet Stainless Steel Wire Masher has a similar price point and high rating as the reference products, and its features (wire masher, stainless steel, and KitchenAid brand) are likely to appeal to customers looking",
B09SQ4SSL6,"Cutting Boards for Kitchen - Plastic Board Set of 3, Dishwasher Safe with Juice Grooves, Thick Chopping Meat, Veggies, Fruits, Easy Grip Handle, Non-Slip (Black)",170,Kitchen & Dining,1000,4000,3000,9000000,success,llama3.2:latest,"Based on the high demand for reference products 3 (3000) and 5 (1000), and considering the positive reviews, YouTube hype, and Reddit sentiment for the test product, I estimated the demand for the test product to be 4000 units, assuming a similar level of interest and enthusiasm as seen with the reference products.","{
  ""predicted_demand"": 4000,
  ""reasoning"": ""Based on the high demand for reference products 3 (3000) and 5 (1000), and considering the positive reviews, YouTube hype, and Reddit sentiment for the test product, I estimated the demand for the test product to be 4000 units, assuming a similar level of interest and enthusiasm as seen with the reference products.""",
B00LLILH98,"Flavored Coffee in Single Serve Coffee Pods - Flavor Coffee Variety Pack for Keurig K Cups Machine from Crazy Cups, 30 Count",170,Kitchen & Dining,1000,1500,500,250000,success,llama3.2:latest,"Estimated from multi-source Amazon, YouTube, and Reddit signals","{
  ""predicted_demand"": 1500,
  ""reasoning"": ""Based on the high demand for flavored coffee and single-serve coffee pods, as well as the positive reviews and sentiment from the reference products (Trung Nguyen — G7 Strong X2 3 in 1 Instant Coffee and AIERSA 10Pcs Straw Cover Cap for Stanley Cup), I estimate the test product's demand to be 1500 units. The positive reviews and YouTube hype for the reference products suggest a strong interest in flavored coffee and single-serve coffee pods, which I believe will translate to a",
