product_id,product_name,brand,model,category,price,rating,review_count,amazon_match_type,amazon_market_signal,youtube_videos_found,youtube_videos_analyzed,youtube_total_views,youtube_video_urls,youtube_interest_signal,youtube_sentiment,reddit_posts_found,reddit_posts_analyzed,reddit_post_urls,reddit_interest_signal,reddit_sentiment,reddit_purchase_intent,review_sentiment,overall_demand_direction,demand_signal_strength,estimated_demand_low,estimated_demand,estimated_demand_high,recommended_quantity,minimum_quantity,maximum_quantity,confidence,key_positive_factors,key_negative_factors,risk_factors,reasoning,data_sources_available
B014TMV5YE,"Sion Softside Expandable Roller Luggage, Black, Checked-Large 29-Inch",Sion,,Suitcases,139.99,4.5,0,exact,Strong Momentum,5,5,0,https://www.youtube.com/watch?v=Bu0dcL7hdss | https://www.youtube.com/watch?v=ABGYWiBbJL4 | https://www.youtube.com/watch?v=15u3kKuzmwE | https://www.youtube.com/watch?v=AsirQeeGWtM | https://www.youtube.com/watch?v=DPJa5oAdHWs,Stable,Positive,5,5,https://www.reddit.com/r/DripDeals/comments/1bjtges/for_9598_from_11999_swissgear_sion_softside/ | https://www.reddit.com/r/amzndeals/comments/119uvyr/swissgear_sion_softside_expandable_roller_luggage/ | https://www.reddit.com/r/HerOneBag/comments/1cgj47j/very_light_weight_carryon/ | https://www.reddit.com/r/travel/comments/qojrdt/best_luggage_brand_new_to_traveling_away/ | https://www.reddit.com/r/travel/comments/x2xbul/looking_to_buy_hardshell_luggage_sugestions/,Moderate,Positive,Moderate,Positive,Moderate Demand,Medium,1470,2100,2730,1785,1160,2410,0.7,High consumer satisfaction rating (4.5/5.0) | YouTube Review: Durable and robust build quality | YouTube Review: Lightweight design suitable for travel limits | Active Reddit community discussions (5 threads),Low review volume / early listing stage | YouTube Tester Note: May experience cosmetic wear under aggressive airline baggage handling,Reddit User Alert: Minor community debate regarding price vs premium tier alternatives,"Historical Amazon benchmark indicates approximately 2000 monthly baseline demand. Synthesizing YouTube external awareness (0 views) and Reddit discussions indicates moderate demand momentum. Customer reviews reflect positive sentiment. Consequently, estimated demand is 1470–2730 units, with a recommended initial listing quantity of 1785 units.","{""amazon"": true, ""reviews"": true, ""youtube"": true, ""reddit"": true}"
B07GDLCQXV,Luggage Sets Expandable PC+ABS Durable Suitcase Double Wheels TSA Lock Blue,Luggage,,Suitcases,169.99,4.5,0,exact,Strong Momentum,5,5,0,https://www.youtube.com/watch?v=RPOv9Ph6aUM | https://www.youtube.com/watch?v=CtyI49bilIA | https://www.youtube.com/watch?v=Fhaj4Ew1t8c | https://www.youtube.com/watch?v=ITx8-vwhyX0 | https://www.youtube.com/watch?v=JEjKeMYRAKo,Stable,Positive,5,5,https://www.reddit.com/r/BuyItForLife/comments/15w1wsa/i_need_recommendations_for_luggage_that_lasts/ | https://www.reddit.com/r/BuyItForLife/comments/vj1v1z/luggage_set_recommendations_request/ | https://www.reddit.com/r/BuyItForLife/comments/1771221/buy_it_for_life_luggage/ | https://www.reddit.com/r/carverscave/comments/1dqj9ue/coolife_luggage_3_piece_set_review_bargain_or/ | https://www.reddit.com/r/PcBuild/comments/18kzxg0/i_put_my_pc_into_a_carryonsized_suitcase/,Moderate,Positive,Moderate,Positive,Moderate Demand,Medium,735,1050,1365,892,580,1204,0.7,High consumer satisfaction rating (4.5/5.0) | Competitive pricing below list price ($169.99 vs $209.99) | YouTube Review: Durable and robust build quality | YouTube Review: Smooth multi-directional spinner wheel maneuverability,Low review volume / early listing stage | YouTube Tester Note: May experience cosmetic wear under aggressive airline baggage handling,Reddit User Alert: Minor community debate regarding price vs premium tier alternatives,"Historical Amazon benchmark indicates approximately 1000 monthly baseline demand. Synthesizing YouTube external awareness (0 views) and Reddit discussions indicates moderate demand momentum. Customer reviews reflect positive sentiment. Consequently, estimated demand is 735–1365 units, with a recommended initial listing quantity of 892 units.","{""amazon"": true, ""reviews"": true, ""youtube"": true, ""reddit"": true}"
B07XSCCZYG,"Platinum Elite Softside Expandable Checked Luggage, 8 Wheel Spinner Suitcase, TSA Lock, Men and Women, True Navy Blue, Checked Medium 25-Inch",Platinum,,Suitcases,365.49,4.6,0,exact,Moderate Demand,5,5,0,https://www.youtube.com/watch?v=ZeEtJHzKS7g | https://www.youtube.com/watch?v=lKW8B1lVG14 | https://www.youtube.com/watch?v=anusMXO9g34 | https://www.youtube.com/watch?v=ggUTeVlx0mo | https://www.youtube.com/watch?v=F8oYQwJCjv0,Stable,Positive,5,5,https://www.reddit.com/r/onebag/comments/11pw3uk/help_im_confused_or_just_being_really_dumb/ | https://www.reddit.com/r/DiscountBuzz/comments/1broydm/platinum_elite_softside_expandable_carry_on/ | https://www.reddit.com/r/BestDealsFinder/comments/1d080fn/platinum_elite_softside_expandable_carry_on/ | https://www.reddit.com/r/travel/comments/183voh9/travelpro_platinum_elite_softside_vs_hardside/ | https://www.reddit.com/r/BuyItForLife/comments/1bqegt8/best_carry_on_luggage/,Moderate,Positive,Moderate,Positive,Moderate Demand,Medium,220,315,410,268,174,362,0.7,High consumer satisfaction rating (4.6/5.0) | Competitive pricing below list price ($365.49 vs $429.99) | YouTube Review: Spacious interior with expandable packing capacity | Active Reddit community discussions (5 threads),Low review volume / early listing stage | YouTube Tester Note: May experience cosmetic wear under aggressive airline baggage handling,Reddit User Alert: Minor community debate regarding price vs premium tier alternatives,"Historical Amazon benchmark indicates approximately 300 monthly baseline demand. Synthesizing YouTube external awareness (0 views) and Reddit discussions indicates moderate demand momentum. Customer reviews reflect positive sentiment. Consequently, estimated demand is 220–410 units, with a recommended initial listing quantity of 268 units.","{""amazon"": true, ""reviews"": true, ""youtube"": true, ""reddit"": true}"
B08MVFKGJM,"Freeform Hardside Expandable with Double Spinner Wheels, Navy, 2-Piece Set (21/28)",Freeform,,Suitcases,291.59,4.6,0,exact,Moderate Demand,5,5,0,https://www.youtube.com/watch?v=-MxTQm-RJKU | https://www.youtube.com/watch?v=Unei4bM9h2o | https://www.youtube.com/watch?v=DqzQuLEdKpM | https://www.youtube.com/watch?v=tr0F3GW6c24 | https://www.youtube.com/watch?v=M-m53yDch9U,Stable,Positive,5,5,https://www.reddit.com/r/BestToBuyUSA/comments/1d1lor6/samsonite_freeform_hardside_expandable_with/ | https://www.reddit.com/r/BestToBuyUSA/comments/1dr4adi/samsonite_freeform_hardside_expandable_with/ | https://www.reddit.com/r/BestDealsFinder/comments/1cux7w2/freeform_hardside_expandable_with_double_spinner/ | https://www.reddit.com/r/BestDealsFinder/comments/1cspo90/samsonite_freeform_hardside_expandable_with/ | https://www.reddit.com/r/travel/comments/151ncur/new_carryon_suitcase_recommendaions/,Moderate,Positive,Moderate,Positive,Moderate Demand,Medium,294,420,546,357,232,482,0.7,High consumer satisfaction rating (4.6/5.0) | Competitive pricing below list price ($291.59 vs $354.37) | YouTube Review: Durable and robust build quality | YouTube Review: Smooth multi-directional spinner wheel maneuverability,Low review volume / early listing stage | YouTube Tester Note: May experience cosmetic wear under aggressive airline baggage handling,Reddit User Alert: Minor community debate regarding price vs premium tier alternatives,"Historical Amazon benchmark indicates approximately 400 monthly baseline demand. Synthesizing YouTube external awareness (0 views) and Reddit discussions indicates moderate demand momentum. Customer reviews reflect positive sentiment. Consequently, estimated demand is 294–546 units, with a recommended initial listing quantity of 357 units.","{""amazon"": true, ""reviews"": true, ""youtube"": true, ""reddit"": true}"
B01DJLKZBA,"Winfield 2 Hardside Expandable Luggage with Spinner Wheels, Checked-Large 28-Inch, Deep Blue",Winfield,,Suitcases,174.99,4.5,0,exact,Moderate Demand,5,5,0,https://www.youtube.com/watch?v=e-y4IMQihvU | https://www.youtube.com/watch?v=1DI5aBmxE20 | https://www.youtube.com/watch?v=Bo7I5s94iVs | https://www.youtube.com/watch?v=bdNlI41BiPA | https://www.youtube.com/watch?v=NHw2ovkmRmE,Stable,Positive,5,5,https://www.reddit.com/r/DiscountedProducts/comments/jyuugf/travel_samsonite_winfield_2_hardside_expandable/ | https://www.reddit.com/r/amzndeals/comments/14m4ads/24_samsonite_winfield_2_hardside_expandable/ | https://www.reddit.com/r/ShoppingDealsOnline/comments/yj2c5c/amazon_samsonite_winfield_2_hardside_expandable/ | https://www.reddit.com/r/DripDeals/comments/12pegjc/for_11340_from_26999_samsonite_winfield_2/ | https://www.reddit.com/r/AmazonPrimeDeals/comments/17igf19/samsonite_winfield_2_hardside_luggage_wspinner/,Moderate,Positive,Moderate,Positive,Moderate Demand,Medium,294,420,546,357,232,482,0.7,High consumer satisfaction rating (4.5/5.0) | Competitive pricing below list price ($174.99 vs $309.99) | YouTube Review: Smooth multi-directional spinner wheel maneuverability | YouTube Review: Spacious interior with expandable packing capacity,Low review volume / early listing stage | YouTube Tester Note: May experience cosmetic wear under aggressive airline baggage handling,Reddit User Alert: Minor community debate regarding price vs premium tier alternatives,"Historical Amazon benchmark indicates approximately 400 monthly baseline demand. Synthesizing YouTube external awareness (0 views) and Reddit discussions indicates moderate demand momentum. Customer reviews reflect positive sentiment. Consequently, estimated demand is 294–546 units, with a recommended initial listing quantity of 357 units.","{""amazon"": true, ""reviews"": true, ""youtube"": true, ""reddit"": true}"
B07XSCD2R4,"Maxlite 5 Softside Expandable Luggage with 4 Spinner Wheels, Lightweight Suitcase, Men and Women, Sapphire Blue, Carry-On 21-Inch",Maxlite,,Suitcases,144.49,4.5,0,exact,Strong Momentum,5,5,0,https://www.youtube.com/watch?v=js_BwGPuS_0 | https://www.youtube.com/watch?v=Kqveq2f9qIE | https://www.youtube.com/watch?v=i5K1X13K_6o | https://www.youtube.com/watch?v=-k0CME8ejnI | https://www.youtube.com/watch?v=OYXNlfShYDA,Stable,Positive,5,5,https://www.reddit.com/r/onebag/comments/19e5lyf/talk_me_out_of_getting_this_carry_on_suitcase/ | https://www.reddit.com/r/DiscountBuzz/comments/1cvcdy4/maxlite_5_softside_expandable_carry_on_luggage/ | https://www.reddit.com/r/BestDealsFinder/comments/1czfepw/maxlite_5_softside_expandable_upright_2_wheel/ | https://www.reddit.com/r/HerOneBag/comments/1bdh29q/testing_travelpro_maxlite_5_underseat_rolling/ | https://www.reddit.com/r/ManyBaggers/comments/10jlpxl/ditching_the_travel_backpack_this_trip_and_going/,Moderate,Positive,Moderate,Positive,Moderate Demand,Medium,368,525,682,446,290,602,0.7,High consumer satisfaction rating (4.5/5.0) | YouTube Review: Durable and robust build quality | YouTube Review: Smooth multi-directional spinner wheel maneuverability | Active Reddit community discussions (5 threads),Low review volume / early listing stage | YouTube Tester Note: May experience cosmetic wear under aggressive airline baggage handling,Reddit User Alert: Minor community debate regarding price vs premium tier alternatives,"Historical Amazon benchmark indicates approximately 500 monthly baseline demand. Synthesizing YouTube external awareness (0 views) and Reddit discussions indicates moderate demand momentum. Customer reviews reflect positive sentiment. Consequently, estimated demand is 368–682 units, with a recommended initial listing quantity of 446 units.","{""amazon"": true, ""reviews"": true, ""youtube"": true, ""reddit"": true}"
B07MXF4G8K,"Hard Shell Carry on Luggage Airline Approved, Carry on Suitcases with Wheels, Lightweight PC Luminous Textured Travel Luggage, TSA Approved, 20 Inch Small Carry-On, Black",Hard,,Suitcases,169.99,4.5,0,exact,Moderate Demand,5,5,0,https://www.youtube.com/watch?v=sg6iAHWh-UY | https://www.youtube.com/watch?v=SfLyGW-c1MY | https://www.youtube.com/watch?v=0NDaqUfr3yE | https://www.youtube.com/watch?v=yro0weSKLiA | https://www.youtube.com/watch?v=B3sjZgGrT4I,Stable,Positive,5,5,https://www.reddit.com/r/onebag/comments/1aef4qf/recent_reviews_for_hard_shell_carry_on_luggage/ | https://www.reddit.com/r/ManyBaggers/comments/13syets/best_hardshell_wheeled_carryon_bag/ | https://www.reddit.com/r/HerOneBag/comments/1cqn4sp/tiny_hard_shell_carry_on_recommendations/ | https://www.reddit.com/r/travel/comments/13e7lpv/need_some_hard_shell_carry_on_advice/ | https://www.reddit.com/r/onebag/comments/17w6d23/what_is_the_most_durable_hardside_luggage_youve/,Moderate,Positive,Moderate,Positive,Moderate Demand,Medium,294,420,546,357,232,482,0.7,High consumer satisfaction rating (4.5/5.0) | YouTube Review: Durable and robust build quality | YouTube Review: Smooth multi-directional spinner wheel maneuverability | Active Reddit community discussions (5 threads),Low review volume / early listing stage | YouTube Tester Note: May experience cosmetic wear under aggressive airline baggage handling,Reddit User Alert: Minor community debate regarding price vs premium tier alternatives,"Historical Amazon benchmark indicates approximately 400 monthly baseline demand. Synthesizing YouTube external awareness (0 views) and Reddit discussions indicates moderate demand momentum. Customer reviews reflect positive sentiment. Consequently, estimated demand is 294–546 units, with a recommended initial listing quantity of 357 units.","{""amazon"": true, ""reviews"": true, ""youtube"": true, ""reddit"": true}"
B07H515VCZ,"Maxporter II 30"" Hardside Spinner Trunk Luggage, Expandable, Navy",Maxporter,30,Suitcases,299.99,4.5,0,exact,Moderate Demand,5,5,0,https://www.youtube.com/watch?v=OUBkD4-Hgp0 | https://www.youtube.com/watch?v=W3HukKqmDMM | https://www.youtube.com/watch?v=wI4qFvNocQM | https://www.youtube.com/watch?v=_ro6pbzO1bg | https://www.youtube.com/watch?v=yOmLQDTrTCE,Stable,Positive,5,5,https://www.reddit.com/r/Costco/comments/1c5o2o6/new_luggage_good_price_or_no/ | https://www.reddit.com/r/BuyItForLife/comments/drtw3n/request_wheeled_luggage/ | https://www.reddit.com/r/betabattle/comments/1ar6yi7/best_luggage_2024_rtravel_reddit/ | https://www.reddit.com/r/Costco/comments/19d2h7g/delsey_luggage_for_4997_a_great_deal/ | https://www.reddit.com/r/onebag/comments/182dmop/top_loading_nonclamshell_hardside_international/,Moderate,Positive,Moderate,Positive,Moderate Demand,Medium,74,105,136,89,58,120,0.7,High consumer satisfaction rating (4.5/5.0) | YouTube Review: Durable and robust build quality | YouTube Review: Smooth multi-directional spinner wheel maneuverability | Active Reddit community discussions (5 threads),Low review volume / early listing stage | YouTube Tester Note: May experience cosmetic wear under aggressive airline baggage handling,Reddit User Alert: Minor community debate regarding price vs premium tier alternatives,"Historical Amazon benchmark indicates approximately 100 monthly baseline demand. Synthesizing YouTube external awareness (0 views) and Reddit discussions indicates moderate demand momentum. Customer reviews reflect positive sentiment. Consequently, estimated demand is 74–136 units, with a recommended initial listing quantity of 89 units.","{""amazon"": true, ""reviews"": true, ""youtube"": true, ""reddit"": true}"
B08BXBCNMQ,"Omni 2 Hardside Expandable Luggage with Spinner Wheels, Checked-Large 28-Inch, Arctic Silver",Omni,,Suitcases,112.63,4.5,0,exact,Strong Momentum,5,5,0,https://www.youtube.com/watch?v=2x8iMBC01z8 | https://www.youtube.com/watch?v=HlvfMcb2vRk | https://www.youtube.com/watch?v=_5-XDmx1OHk | https://www.youtube.com/watch?v=cpmtwojNPPs | https://www.youtube.com/watch?v=YzZERuHl6cU,Stable,Positive,5,5,https://www.reddit.com/r/DiscountBuzz/comments/1cxn27n/omni_2_hardside_expandable_luggage_with_spinners/ | https://www.reddit.com/r/BestDealsFinder/comments/1cxikcz/omni_2_hardside_expandable_luggage_with_spinners/ | https://www.reddit.com/r/AmazonPrimeDeals/comments/181l3g4/samsonite_omni_2_hardside_expandable_luggage/ | https://www.reddit.com/r/amazonprimeday2023/comments/14wu0fl/omni_2_hardside_expandable_luggage_with_spinners/ | https://www.reddit.com/r/Samsonite/comments/180xbi4/samsonite_omni_2_large_28/,Moderate,Positive,Moderate,Positive,Moderate Demand,Medium,368,525,682,446,290,602,0.7,High consumer satisfaction rating (4.5/5.0) | Competitive pricing below list price ($112.63 vs $137.04) | YouTube Review: Durable and robust build quality | YouTube Review: Smooth multi-directional spinner wheel maneuverability,Low review volume / early listing stage | YouTube Tester Note: May experience cosmetic wear under aggressive airline baggage handling,Reddit User Alert: Minor community debate regarding price vs premium tier alternatives,"Historical Amazon benchmark indicates approximately 500 monthly baseline demand. Synthesizing YouTube external awareness (0 views) and Reddit discussions indicates moderate demand momentum. Customer reviews reflect positive sentiment. Consequently, estimated demand is 368–682 units, with a recommended initial listing quantity of 446 units.","{""amazon"": true, ""reviews"": true, ""youtube"": true, ""reddit"": true}"
B0B9K44XTS,Luggage Sets Expandable Lightweight Suitcases with Wheels PC+ABS Durable Travel Luggage TSA Lock Navy Blue 4pcs,Luggage,,Suitcases,209.99,4.4,0,exact,Moderate Demand,5,5,0,https://www.youtube.com/watch?v=JEjKeMYRAKo | https://www.youtube.com/watch?v=k-cxU2tYZJ4 | https://www.youtube.com/watch?v=xUh3povMTDU | https://www.youtube.com/watch?v=CtyI49bilIA | https://www.youtube.com/watch?v=rQxyU3LVdno,Stable,Positive,5,5,https://www.reddit.com/r/carverscave/comments/1dqj9ue/coolife_luggage_3_piece_set_review_bargain_or/ | https://www.reddit.com/r/BuyItForLife/comments/15w1wsa/i_need_recommendations_for_luggage_that_lasts/ | https://www.reddit.com/r/TravelHacks/comments/rxeyuh/expandable_suitcases/ | https://www.reddit.com/r/BuyItForLife/comments/vj1v1z/luggage_set_recommendations_request/ | https://www.reddit.com/r/travel/comments/14u841r/what_is_your_favorite_luggage_set/,Moderate,Positive,Moderate,Neutral,Moderate Demand,Medium,147,210,273,178,116,240,0.7,Acceptable average rating (4.4/5.0) | YouTube Review: Durable and robust build quality | YouTube Review: Smooth multi-directional spinner wheel maneuverability | Active Reddit community discussions (5 threads),Low review volume / early listing stage | YouTube Tester Note: May experience cosmetic wear under aggressive airline baggage handling,Reddit User Alert: Minor community debate regarding price vs premium tier alternatives,"Historical Amazon benchmark indicates approximately 200 monthly baseline demand. Synthesizing YouTube external awareness (0 views) and Reddit discussions indicates moderate demand momentum. Customer reviews reflect neutral sentiment. Consequently, estimated demand is 147–273 units, with a recommended initial listing quantity of 178 units.","{""amazon"": true, ""reviews"": true, ""youtube"": true, ""reddit"": true}"
