asin,title,imgUrl,productURL,stars,reviews,price,listPrice,category_id,isBestSeller,boughtInLastMonth
B0CFF19P9D,"Electric Toothbrush for Adults, Sonic Toothbrush with 3 Intensity Levels & 5 Modes, One Charge for 60 Days, Rechargeable Electric Toothbrush with 6 Toothbrush Heads & 40,000 VPM Deep Clean(Black)",https://m.media-amazon.com/images/I/719+Ixuh7qL._AC_UL320_.jpg,https://www.amazon.com/dp/B0CFF19P9D,5.0,0,24.99,26.99,126,False,50
B075FJBZ8Q,"Plackers 303290518 Twin Line Whitening Floss Picks, Blue, 75 Count (Pack of 4)",https://m.media-amazon.com/images/I/81Rf+nStvmL._AC_UL320_.jpg,https://www.amazon.com/dp/B075FJBZ8Q,4.7,0,17.8,0.0,126,False,100
B00VQU2PCY,"REDMOND Earthpaste - Natural Non-Fluoride Toothpaste, 4 Ounce Tube (3 Pack, Peppermint)",https://m.media-amazon.com/images/I/71rDzaand1L._AC_UL320_.jpg,https://www.amazon.com/dp/B00VQU2PCY,4.1,0,19.64,20.79,126,False,300
B074TJ5CGC,Dental Interproximal Reduction (IPR) Gauge Measure Tooth Gap Stainless Steel Reciprocating IPR System Orthodontic,https://m.media-amazon.com/images/I/61fptgM5WcL._AC_UL320_.jpg,https://www.amazon.com/dp/B074TJ5CGC,4.4,0,8.99,0.0,126,False,50
B088Q5RPZ9,"Teeth Whitening Kit with LED Light, 35% Carbamide Peroxide, Teeth Whitening Gel, Helps to Remove Stains from Coffee, Smoking, Wines, Soda, Food, Home Dental Products for Sensitive Teeth",https://m.media-amazon.com/images/I/71RI47y9B9L._AC_UL320_.jpg,https://www.amazon.com/dp/B088Q5RPZ9,4.4,0,23.99,0.0,126,False,200
B0063GMAAI,"The Doctor's BrushPicks Interdental Toothpicks, 275 pieces per Pack (1-Pack)",https://m.media-amazon.com/images/I/71vEtd3-BUL._AC_UL320_.jpg,https://www.amazon.com/dp/B0063GMAAI,4.7,0,6.53,0.0,126,False,400
B09LD8PTNJ,"PHILIPS Sonicare 2100 Power Toothbrush, Rechargeable Electric Toothbrush, White Mint, HX3661/04",https://m.media-amazon.com/images/I/71wB+9aU2zL._AC_UL320_.jpg,https://www.amazon.com/dp/B09LD8PTNJ,4.6,0,34.95,0.0,126,False,2000
B086BSWPX7,AquaSonic Proflex Replacement Brush Heads | for Whiter Teeth & Gum Care | Compatible with Many AquaSonic Toothbrush Handles (3 Pack Black),https://m.media-amazon.com/images/I/71NKPhCr5xL._AC_UL320_.jpg,https://www.amazon.com/dp/B086BSWPX7,4.6,0,12.95,0.0,126,False,900
B00KTPKPQA,dōTERRA On Guard® Natural Whitening Toothpaste 4.2oz (2 Pack),https://m.media-amazon.com/images/I/51gmRFEPttL._AC_UL320_.jpg,https://www.amazon.com/dp/B00KTPKPQA,4.7,0,32.33,0.0,126,False,700
B0C2T9ZQDR,Replacement Toothbrush Heads Fits Oral B Braun for Precision/Precision Clean PRO/Sensitive/Cross Clean Replacement Brush Heads Pack of 8 Black Standard Clean Heads Refill for 7000/Pro1000/3000/8000,https://m.media-amazon.com/images/I/71qjndTDJzL._AC_UL320_.jpg,https://www.amazon.com/dp/B0C2T9ZQDR,4.5,0,9.99,0.0,126,False,600
B0CB2YNTPD,Halloween Headbands Pumpkin Bow Design Hair Bands Happy Halloween Party Hair Accessories for Kids Women Cute Pumpkin Mesh Headwear Hair Hoop for Halloween Hair Decorations 1Pcs,https://m.media-amazon.com/images/I/61Z57gpmHRL._AC_UL320_.jpg,https://www.amazon.com/dp/B0CB2YNTPD,5.0,0,8.99,0.0,47,False,200
B0C5C5BCQ8,"3 Pieces Hair Comb Set for Women-Wide Tooth Comb,Rat Tail Comb for Parting Teasing-Detangling Hair Combs for Curly/Straight/Short/Wet Hair,Anti-Static Heat Resistant Hair Styling Comb Set(Pink)",https://m.media-amazon.com/images/I/61O36IebhNL._AC_UL320_.jpg,https://www.amazon.com/dp/B0C5C5BCQ8,4.9,0,7.99,0.0,47,False,200
B07N9HZ11H,"Head and Shoulders Shampoo and Conditioner 2 in 1, Anti Dandruff Treatment, Dry Scalp Care with Almond Oil, 32.1 fl oz, Twin Pack (Packaging May Vary)",https://m.media-amazon.com/images/I/81XJScaFJkL._AC_UL320_.jpg,https://www.amazon.com/dp/B07N9HZ11H,4.8,0,21.82,25.99,47,False,8000
B0C9RLCXRW,"Fearless Tape - Hair Extension Tape, Monthly – 120 Tabs/Envelope for Tape-In Hair Extensions",https://m.media-amazon.com/images/I/51Jer9bym6L._AC_UL320_.jpg,https://www.amazon.com/dp/B0C9RLCXRW,5.0,0,12.99,0.0,47,False,200
B0B44G1V73,the kure bond repair shampoo,https://m.media-amazon.com/images/I/51rkn5rooqL._AC_UL320_.jpg,https://www.amazon.com/dp/B0B44G1V73,4.7,0,28.0,0.0,47,False,5000
B0C4WXSVQ7,"Hair Dryer Brush and Styler Volumizer, 4 in 1 Styling Tools Blow Dryer, Hair Straightener Brush for All Hair Types",https://m.media-amazon.com/images/I/61NLGIlUW2L._AC_UL320_.jpg,https://www.amazon.com/dp/B0C4WXSVQ7,4.4,0,17.99,19.99,47,False,300
B0041QZOF0,"BaBylissPRO Nano Titanium Travel Dryer, Blue",https://m.media-amazon.com/images/I/61RuwDP8fDL._AC_UL320_.jpg,https://www.amazon.com/dp/B0041QZOF0,4.4,0,34.99,0.0,47,False,2000
B07D2LQNF1,"PURA D'OR Professional Grade Biotin Shampoo For Thinning Hair, Clinically Proven Anti-Thinning Hair Care, 2X Concentrated DHT Blocker Hair Thickening Products For Women & Men, 16oz",https://m.media-amazon.com/images/I/8122CEVOHLL._AC_UL320_.jpg,https://www.amazon.com/dp/B07D2LQNF1,4.5,0,29.95,34.99,47,False,500
B08DKXFFDK,"Large Hair Claw Clips for Thick Hair 4 PCS, Strong Hold Perfect for Women, Barrettes for Long Hair, Fashion Accessories for Girls, Hair Clamps Clip 4.4 Inch Big Hair Claw for Heavy Hair",https://m.media-amazon.com/images/I/61PEdjVpc+S._AC_UL320_.jpg,https://www.amazon.com/dp/B08DKXFFDK,4.5,0,7.99,15.99,47,False,200
B074M6577N,"SWEETV Jeweled Baroque Queen Crown - Rhinestone Wedding Crowns and Tiaras for Women, Costume Party Hair Accessories with Gemstones,Victoria",https://m.media-amazon.com/images/I/71X+fI-1WbL._AC_UL320_.jpg,https://www.amazon.com/dp/B074M6577N,4.6,0,18.99,32.99,47,False,600
B08XKSDW9M,Dove Refillable Deodorant Starter Kit 0% Aluminum Cucumber & Green Tea Aluminum Free Deodorant 1.13 oz,https://m.media-amazon.com/images/I/71dCfBg911L._AC_UL320_.jpg,https://www.amazon.com/dp/B08XKSDW9M,2.8,0,5.99,9.99,52,False,400
B0BSLQ5MFJ,"Bubble Skincare Fresh Start Gel Cleanser - PHA + Caffeine for Skin Calming, Texture + Acne Support - Sensitive Skin Friendly Deep Pore Facial Cleanser (50ml)",https://m.media-amazon.com/images/I/61laKzSaxaL._AC_UL320_.jpg,https://www.amazon.com/dp/B0BSLQ5MFJ,4.4,0,11.82,0.0,52,False,1000
B01BBZYT90,"Maja Bath and Shower Gel, Body Wash Enriched With Glycerin that Protects and Softens Your Skin Keeping It Clean and Fresh, 13.5 Oz, Bottle",https://m.media-amazon.com/images/I/51UhoTErzJL._AC_UL320_.jpg,https://www.amazon.com/dp/B01BBZYT90,4.6,0,8.28,0.0,52,False,700
B08TBC5QG3,"Dial Kids 2-in-1 Body+Hair Wash, Melon, 32 fl oz",https://m.media-amazon.com/images/I/716Puj3ketL._AC_UL320_.jpg,https://www.amazon.com/dp/B08TBC5QG3,4.5,0,7.47,0.0,52,False,1000
B00GYR9EQE,"Soothing Touch W67348G Basics Lotion, 1 Gallon",https://m.media-amazon.com/images/I/51AfUjNKofL._AC_UL320_.jpg,https://www.amazon.com/dp/B00GYR9EQE,4.3,0,26.19,40.0,52,False,500
B07TM2B492,"KECUCO 3 Pcs Bath Sponge for Women, Men, Kids, Sponge Loofah Body Scrubber Shower Sponge for Body Wash Bathroom, 3 Colors & Large Size Bathing Sponge Bathing Accessories(Large Size)",https://m.media-amazon.com/images/I/71c87x-mAhL._AC_UL320_.jpg,https://www.amazon.com/dp/B07TM2B492,4.1,0,7.99,9.99,52,False,600
B08GCX5V9G,"Supergoop! Unseen Sunscreen - SPF 40-1.7 fl oz - Invisible, Broad Spectrum Face Sunscreen - Weightless, Scentless, and Oil Free - For All Skin Types and Skin Tones",https://m.media-amazon.com/images/I/51Wq1MzliXL._AC_UL320_.jpg,https://www.amazon.com/dp/B08GCX5V9G,4.6,0,18.0,0.0,52,False,3000
B06ZZHGYGV,"Bath Accessories Deodorant Be-gone Remover Sponge, 2 Count",https://m.media-amazon.com/images/I/61vVoE+gRpL._AC_UL320_.jpg,https://www.amazon.com/dp/B06ZZHGYGV,4.4,0,8.02,8.64,52,False,900
B0B85BJ488,"120 PCS Under Eye Patches - 24K Skin Care Gold- Eye Patch for Puffy Eyes Anti-Aging Collagen Hyaluronic Acid Eye Masks for Dark Circles and Puffiness, Anti-Wrinkle and Hydrating skin care",https://m.media-amazon.com/images/I/817sBi2GtYL._AC_UL320_.jpg,https://www.amazon.com/dp/B0B85BJ488,4.3,0,9.99,11.99,52,False,2000
B07VR6BBY8,Supergoop! Superscreen - 1.7 fl oz - SPF 40 PA+++ Hydrating Daily Moisturizer Sunscreen - Protection from UV Rays + Helps Filter Pollution & Blue Light,https://m.media-amazon.com/images/I/51636hnIu1L._AC_UL320_.jpg,https://www.amazon.com/dp/B07VR6BBY8,4.5,0,44.0,0.0,52,False,1000
B07VR1PRX1,"4 Pcs, [Microfiber] Hand [Duster] [Washable] Microfibre Cleaning Tool Extendable [Duster]s for Cleaning Office, Car, Computer, Air Condition",https://m.media-amazon.com/images/I/71c6xrExsFL._AC_UL320_.jpg,https://www.amazon.com/dp/B07VR1PRX1,4.0,0,10.59,14.99,167,False,1000
B0833F8HWB,"Clear Kitchen Trash Bags 7-10 Gallon Clear Plastic Garbage Bag for Kitchen, Home, Office, Bathroom - Wastebasket Bin Liners - High Density, Leak-Proof Waste Basket Bags 24x24-48 Pack",https://m.media-amazon.com/images/I/71pHwuY0iGL._AC_UL320_.jpg,https://www.amazon.com/dp/B0833F8HWB,4.0,0,4.99,0.0,167,False,100
B099GCSSM1,"MagicFiber Microfiber Cleaning Cloth (12 Pack,13x13 in) - Thick, Soft, & Ultra Absorbent Reusable Microfiber Towel, Cleaning Rags, Micro Fiber Cloths or Dusting, Windows, Kitchenware, Cars & More!",https://m.media-amazon.com/images/I/91AzaWf2I9L._AC_UL320_.jpg,https://www.amazon.com/dp/B099GCSSM1,4.7,0,9.99,15.99,167,False,1000
B07ML4GD4P,Bambaw Bottle Cleaner Brush Set | 4 Cleaning Brushes | Bottle Brush Cleaner Set | Water Bottle Brush | Bottle Scrubber | Small & Long Bottle Brush for Glass - Soft Cotton Tip to Prevent Scratches,https://m.media-amazon.com/images/I/615k--5Kt4L._AC_UL320_.jpg,https://www.amazon.com/dp/B07ML4GD4P,4.3,0,11.95,0.0,167,False,100
B00OCU7YEY,iCloth Lens Cleaning Wipes [5 x 3.5 Inches - 30 Wipes] Safe for All Screens,https://m.media-amazon.com/images/I/71SNeROuE4L._AC_UL320_.jpg,https://www.amazon.com/dp/B00OCU7YEY,4.5,0,9.79,0.0,167,False,100
B0BVC3YNMH,"Spin Mop Kit (𝙉𝙤 𝘽𝙪𝙘𝙠𝙚𝙩), Compatible with O-Cedar 1-Tank System Triangle Spin Mop, 60"" Multi-Size Combination Handle, 5 Pack Microfiber Head Refills, 1 Pack Replacement Base Part.",https://m.media-amazon.com/images/I/81AS7bhz1rL._AC_UL320_.jpg,https://www.amazon.com/dp/B0BVC3YNMH,4.5,0,20.99,22.99,167,False,400
B0781RM4S5,"Fresh Towel Ultra Strong Center Pull Shop Towels - (1 Box of 300) Disposable Cleaning Towels - White, 9 x 12 inches - FT500",https://m.media-amazon.com/images/I/71aqPzDOSeL._AC_UL320_.jpg,https://www.amazon.com/dp/B0781RM4S5,4.5,0,30.89,0.0,167,False,200
B0BKFRPH15,Silicone Toilet Brush 2 Pack Toilet Bowl Brush and Holder Toilet Cleaner Brush with Silicone Bristles Ventilated Toilet Brushes for Bathroom with Holder for Toilet Scrubber Cleaning,https://m.media-amazon.com/images/I/51WSE9dwNeL._AC_UL320_.jpg,https://www.amazon.com/dp/B0BKFRPH15,4.3,0,13.99,0.0,167,False,3000
B09PGXCSM9,"Disposable Gloves - Stretch Poly, Clear, Food Prep&Cooking Gloves - Safe, Nitrile, Vinyl, Latex and Powder Free",https://m.media-amazon.com/images/I/710SdULHDqL._AC_UL320_.jpg,https://www.amazon.com/dp/B09PGXCSM9,4.2,0,11.95,0.0,167,False,100
B09QD9LPGN,"Wipex Gym Wipes Antibacterial Refills - EPA Registered Bulk Size Disinfecting Cleaning Wipes for Dispensers, Safely Kill Viruses and Bacteria in 15 Seconds, Sanitize Gym Equipment, Fitness Equipment and Surfaces, 800ct Gym Refill Rolls",https://m.media-amazon.com/images/I/71BOnU1RsXL._AC_UL320_.jpg,https://www.amazon.com/dp/B09QD9LPGN,5.0,0,42.99,0.0,167,False,100
B095K5R5ZR,"Rechargeable Fabric Shaver, Electric Commercial Lint Remover with LED Display & Big Trash Box, 3-Speeds for Removing Fuzz and Pill from Clothes, Furniture, Sweater, Couch and Blanket, Silver",https://m.media-amazon.com/images/I/61-y5VoU-EL._AC_UL320_.jpg,https://www.amazon.com/dp/B095K5R5ZR,4.5,0,25.99,0.0,130,False,600
B088BBV7DS,"POWEROWL High Capacity LR44 Batteries 40 Pack, L1154F AG13 357 303 SR44 A76 Premium Alkaline Battery 1.5V Button Coin Cell Batteries",https://m.media-amazon.com/images/I/61cn1sqznaL._AC_UL320_.jpg,https://www.amazon.com/dp/B088BBV7DS,4.6,0,8.99,0.0,130,False,10000
B00OHZ78RM,"ATTITUDE Liquid Fabric Softener, Plant- and Mineral-Based Effective Formula, Vegan and Cruelty-free, Wildflowers, 40 Loads, 33.8 Fl Oz",https://m.media-amazon.com/images/I/61kcUg9ffML._AC_UL320_.jpg,https://www.amazon.com/dp/B00OHZ78RM,4.5,0,9.29,9.99,130,False,1000
B082L49F6S,20 pcs Pack LR41 AG3 SR41 392 384 192 Battery 1.5V Button Coin Cell Batteries,https://m.media-amazon.com/images/I/81tKX4q6ydL._AC_UL320_.jpg,https://www.amazon.com/dp/B082L49F6S,4.5,0,4.99,8.99,130,False,900
B09VGZ4DTN,"Bug Zapper Light Bulb Replacement for 15W Bug Zapper with 4-Pin Base, Ful 15W-BL U Shaped Twin Tube Bulb for T6 Insect Attracting Lamp, 2 Pack",https://m.media-amazon.com/images/I/51o4hD3gasL._AC_UL320_.jpg,https://www.amazon.com/dp/B09VGZ4DTN,4.3,0,14.99,0.0,130,False,900
B09LM56LJ3,"[2 Pack] Laundry Detergent Cup Holder, Detergent Drip Catcher (Upgraded Drip Tray), No More Mess or Leaks, Grip Style",https://m.media-amazon.com/images/I/810oHD4LZBL._AC_UL320_.jpg,https://www.amazon.com/dp/B09LM56LJ3,4.6,0,13.99,17.99,130,False,1000
B004R1BM0U,"Energizer CR2 Lithium Battery, Pack of 2",https://m.media-amazon.com/images/I/71C7vIKafBL._AC_UL320_.jpg,https://www.amazon.com/dp/B004R1BM0U,4.7,0,9.99,13.98,130,False,3000
B0C53LZN7M,"24 Pack Cowboy Boot Shot Glass Light Up Plastic Shot Glasses 1.5 oz Flashing Shot Cups with Detachable Soles, Party Decorations Bachelorette Party Favors Cowgirl Decorations for Birthday Wedding etc",https://m.media-amazon.com/images/I/81NGyresAML._AC_UL320_.jpg,https://www.amazon.com/dp/B0C53LZN7M,4.8,0,19.99,0.0,130,False,500
B086Q74D9Z,"Carbona Oxy-Powered Pet Stain & Odor Remover w/ Active Foam Technology | 22 Fl Oz, 2 Pack",https://m.media-amazon.com/images/I/81lu-HmskgL._AC_UL320_.jpg,https://www.amazon.com/dp/B086Q74D9Z,4.7,0,21.24,21.99,130,False,3000
B000YHO5MI,"Duracell Alkaline Powerboost AA4 Battery, 4 Count",https://m.media-amazon.com/images/I/71YLO4MFypL._AC_UL320_.jpg,https://www.amazon.com/dp/B000YHO5MI,4.8,0,4.97,8.79,130,False,2000
B077KQB7SJ,"KSPOWWIN Biscuit Cookie Cutters Set,Stainless Steel Circle Round Cookie Biscuit Cutters in Graduated Sizes Shape Molds for Pastries Doughs Doughnuts, 5 Pieces",https://m.media-amazon.com/images/I/71TJu+tVz1L._AC_UL320_.jpg,https://www.amazon.com/dp/B077KQB7SJ,4.7,0,5.99,0.0,170,False,1000
B07RPXTKMK,"Waterproof Refrigerator Fridge Thermometer, Digital Freezer Room Thermometer, Max/Min Record Function Large LCD Screen and Magnetic Back for Kitchen, Home, Restaurants (2 Pack)",https://m.media-amazon.com/images/I/51uOhxAL7NL._AC_UL320_.jpg,https://www.amazon.com/dp/B07RPXTKMK,4.5,0,8.99,0.0,170,False,1000
B00A7V9AVC,"FastRack Glass Water Bottle Includes 38 mm Polyseal Cap, 1 gallon Capacity, Clear",https://m.media-amazon.com/images/I/51avYTQ53UL._AC_UL320_.jpg,https://www.amazon.com/dp/B00A7V9AVC,4.7,0,18.52,0.0,170,False,1000
B09W4GL91J,"GE 3-in-1 Countertop Microwave Oven | Complete With Air Fryer, Broiler & Convection Mode | 1.0 Cubic Feet Capacity, 1,050 Watts | Kitchen Essentials for the Countertop or Dorm Room | Stainless Steel",https://m.media-amazon.com/images/I/71aywVLd8PL._AC_UL320_.jpg,https://www.amazon.com/dp/B09W4GL91J,4.5,0,189.99,219.0,170,False,3000
B07GSSR5V2,Souper Cubes 1 Cup Silicone Freezer Tray With Lid - Easy Meal Prep Container and Kitchen Storage Solution - Silicone Molds for Soup and Food Storage - Aqua - 2-Pack,https://m.media-amazon.com/images/I/717pxFuArxL._AC_UL320_.jpg,https://www.amazon.com/dp/B07GSSR5V2,4.8,0,34.99,36.99,170,False,3000
B07TKMY2NW,"KitchenAid Gourmet Stainless Steel Wire Masher, 10.24-Inch, Black",https://m.media-amazon.com/images/I/71g9fUdPohL._AC_UL320_.jpg,https://www.amazon.com/dp/B07TKMY2NW,4.8,0,13.99,17.99,170,False,4000
B09SQ4SSL6,"Cutting Boards for Kitchen - Plastic Board Set of 3, Dishwasher Safe with Juice Grooves, Thick Chopping Meat, Veggies, Fruits, Easy Grip Handle, Non-Slip (Black)",https://m.media-amazon.com/images/I/71uoELfZbsL._AC_UL320_.jpg,https://www.amazon.com/dp/B09SQ4SSL6,4.7,0,17.97,21.97,170,False,1000
B073H8S6NZ,Trung Nguyen — G7 Strong X2 3 in 1 Instant Coffee — Roasted Ground Coffee Blend w/Non-dairy Creamer and Sugar — Strong and Bold — Instant Vietnamese Coffee (24 Single Serve Packets),https://m.media-amazon.com/images/I/81icK8cz94L._AC_UL320_.jpg,https://www.amazon.com/dp/B073H8S6NZ,4.7,0,12.0,0.0,170,False,900
B00LLILH98,"Flavored Coffee in Single Serve Coffee Pods - Flavor Coffee Variety Pack for Keurig K Cups Machine from Crazy Cups, 30 Count",https://m.media-amazon.com/images/I/71BmdUxpYZL._AC_UL320_.jpg,https://www.amazon.com/dp/B00LLILH98,4.5,0,18.59,19.82,170,False,1000
B0C6LTC7WB,"AIERSA 10Pcs Straw Cover Cap for Stanley Cup, Silicone Straw Topper Compatible with Stanley 30&40 Oz Tumbler with Handle",https://m.media-amazon.com/images/I/615JOw7wEUL._AC_UL320_.jpg,https://www.amazon.com/dp/B0C6LTC7WB,4.6,0,9.99,10.99,170,False,1000
B07SVSX641,"BOURINA Fluffy Chenille Knitted Fringe Throw Blanket Lightweight Soft Cozy for Bed Sofa Chair Throw Blankets, Navy 50"" x 60""",https://m.media-amazon.com/images/I/61ZZ+W7zz0L._AC_UL320_.jpg,https://www.amazon.com/dp/B07SVSX641,4.5,0,23.99,0.0,164,False,50
B0BX92ZT75,"Touchat Wearable Blanket Hoodie, Oversized Sherpa Fleece Sweatshirt Blanket with Giant Hood Pocket and Sleeves for Adult, Warm & Cozy Grey Hooded Blanket Gifts for Adult Women Men",https://m.media-amazon.com/images/I/719owKbshBL._AC_UL320_.jpg,https://www.amazon.com/dp/B0BX92ZT75,4.8,0,25.99,0.0,164,False,1000
B0B5RPHDJ4,Viscose Body Pillows with 100% Viscose Cover Full 21x54 Body Pillows for Adults Premium Adjustable Quilted Body Pillows Firm and Fluffy Pillow (Gray),https://m.media-amazon.com/images/I/71UJ23nmwhL._AC_UL320_.jpg,https://www.amazon.com/dp/B0B5RPHDJ4,4.1,0,24.99,0.0,164,False,100
B08M8ZNPTZ,AOYEGO Hey Baby Opossum Throw Pillow Cover Cute Animal Pillow Case 18x18 Inch Decorative Men Women Boy Girl Room Cushion Covers for Home Couch Bed,https://m.media-amazon.com/images/I/71abbYcX5oL._AC_UL320_.jpg,https://www.amazon.com/dp/B08M8ZNPTZ,4.7,0,9.99,15.99,164,False,100
B0B31P88GB,"Leg Elevation Pillow Inflatable, Wedge Pillows for Sleeping, Comfort Leg Pillows Improve Circulation, Suitable for Relax Muscles & Comfort Swelling, Pregnant, Surgery and Injury",https://m.media-amazon.com/images/I/713218GR7xL._AC_UL320_.jpg,https://www.amazon.com/dp/B0B31P88GB,3.7,0,16.99,0.0,164,False,300
B09N8P5379,"Standard Size Pillow Shams Set of 2, Ultra Soft Breathable 20 x 26 Inches Pillow Case Envelope Closure, Microfiber Farmhouse Bed Pillowcases for Easy Care, White",https://m.media-amazon.com/images/I/61eng8rfHXL._AC_UL320_.jpg,https://www.amazon.com/dp/B09N8P5379,4.6,0,19.98,0.0,164,False,200
B07BQS94FY,"3 Piece Satin Duvet Cover Set Bedding Sets Queen Black 1800 Series Luxury Rich Silk Silky Super Soft Solid Color Reversible Zipper Closure Sexy Honeymoon Wrinkle Free (Queen, Black)",https://m.media-amazon.com/images/I/510X-gh67-L._AC_UL320_.jpg,https://www.amazon.com/dp/B07BQS94FY,4.2,0,31.98,0.0,164,False,100
B07283237Y,"U-Haul King Pillow Top Mattress Bag (Fits Mattresses up to 17"" Thick) - 78"" x 103"" x 17""",https://m.media-amazon.com/images/I/515VvQd7AKL._AC_UL320_.jpg,https://www.amazon.com/dp/B07283237Y,4.4,0,12.99,0.0,164,False,200
B082PHJMZR,"Sealy Butterfly Breathable Cotton Non-Toxic Waterproof Premium Foam Baby Crib Mattress & Toddler Bed Mattress, Waterproof Crib Mattress, American Foam GREENGUARD GOLD Certified, Made in USA, 52""x28""",https://m.media-amazon.com/images/I/916cr6nfrAL._AC_UL320_.jpg,https://www.amazon.com/dp/B082PHJMZR,4.7,0,80.69,119.99,164,False,100
B00LZ5NA1U,2000017848,https://m.media-amazon.com/images/I/71y0YL9KLEL._AC_UL320_.jpg,https://www.amazon.com/dp/B00LZ5NA1U,4.2,0,30.98,0.0,164,False,300
B0916NP7YV,Young Men's School Uniform Long Sleeve Performance Oxford Button-Down Shirt,https://m.media-amazon.com/images/I/71oyPyCwkvL._AC_UL320_.jpg,https://www.amazon.com/dp/B0916NP7YV,4.3,0,19.99,0.0,110,False,50
B09M5ZK6PY,Men's Woven Silk Dress Shirt Button Down Casual Jacquard Shirts Long-Sleeve Shirt Prom Wedding Regular Fit,https://m.media-amazon.com/images/I/71tKD55mc0L._AC_UL320_.jpg,https://www.amazon.com/dp/B09M5ZK6PY,4.4,0,33.99,0.0,110,False,50
B09VS52LZ2,Men's 3-Pack Tank Top,https://m.media-amazon.com/images/I/51Hgr0yvOFL._AC_UL320_.jpg,https://www.amazon.com/dp/B09VS52LZ2,4.1,0,31.49,36.99,110,False,50
B07DGSSHJX,"Men's Shorts, Powerblend, Fleece, Soft Fleece Shorts for Men (Reg. or Big & Tall)",https://m.media-amazon.com/images/I/81pQeSE6CkL._AC_UL320_.jpg,https://www.amazon.com/dp/B07DGSSHJX,4.6,0,20.0,40.0,110,False,1000
B07HPGVJPN,"Sweatproof Mens Boxer Briefs Modal Fly Underwear w Sweat Pads, Silver Treated to Fight Odor, Aluminum Free Alternative",https://m.media-amazon.com/images/I/611sB7vcemL._AC_UL320_.jpg,https://www.amazon.com/dp/B07HPGVJPN,4.0,0,38.99,0.0,110,False,50
B06XHVMV9C,"Men's Athletic Gym Mesh Shorts with Pockets, Lightweight, Quick Dry, Breathable",https://m.media-amazon.com/images/I/71F9ITKsTpL._AC_UL320_.jpg,https://www.amazon.com/dp/B06XHVMV9C,4.3,0,13.26,0.0,110,False,100
B000BRUGKQ,Mens Heavy Blend Hooded Sweatshirt,https://m.media-amazon.com/images/I/61-fi93LPoL._AC_UL320_.jpg,https://www.amazon.com/dp/B000BRUGKQ,4.5,0,21.99,0.0,110,False,100
B01MY10ZEG,10P Pack Men's Cotton Moisture Wicking Cushion Low Cut Socks,https://m.media-amazon.com/images/I/5122ZTOEp9L._AC_UL320_.jpg,https://www.amazon.com/dp/B01MY10ZEG,4.6,0,21.99,39.99,110,False,1000
B09R2XGLBW,Men's Elastic Drawstring Waist Scrub Pant,https://m.media-amazon.com/images/I/715GAtJ1SWL._AC_UL320_.jpg,https://www.amazon.com/dp/B09R2XGLBW,4.2,0,32.0,0.0,110,False,100
B06WP2MM64,Fox River - Wick Dry CoolMax Liner Socks - 3 Pack,https://m.media-amazon.com/images/I/713aV6-frRL._AC_UL320_.jpg,https://www.amazon.com/dp/B06WP2MM64,4.6,0,29.99,0.0,110,False,50
B09CPPZSVC,Women's Sexy Elegant Ruffle Long Sleeve Off Shoulder Ruched Party Mini Dress,https://m.media-amazon.com/images/I/51IPYSEvqxL._MCnd_AC_UL320_.jpg,https://www.amazon.com/dp/B09CPPZSVC,4.4,0,38.99,45.99,116,False,300
B09BN4BBBG,Women's Graphic Print Blazer Button Open Front Long Sleeve Jacket Multicolored,https://m.media-amazon.com/images/I/710WftfVL1L._AC_UL320_.jpg,https://www.amazon.com/dp/B09BN4BBBG,4.1,0,39.99,0.0,116,False,50
B08N5K6DT1,"Girls' Seamless Soft Cup Bra, 2-Pack",https://m.media-amazon.com/images/I/61osn5wDn+L._AC_UL320_.jpg,https://www.amazon.com/dp/B08N5K6DT1,4.3,0,9.94,17.0,116,False,100
B097P3DGGP,Women's Crewneck Tunics Color Block Comfy Soft Long Sleeve T Shirt Tops,https://m.media-amazon.com/images/I/615XyovH7mL._AC_UL320_.jpg,https://www.amazon.com/dp/B097P3DGGP,4.0,0,0.0,0.0,116,False,50
B01CSC6MM2,Women's Faux Leather Moto Biker Short Coat Jacket,https://m.media-amazon.com/images/I/61fexFTTHDL._AC_UL320_.jpg,https://www.amazon.com/dp/B01CSC6MM2,4.3,0,37.39,56.99,116,False,100
B089SZ26DR,"Lightweight Women's 28""/30""/32""/34""/36"" Tall Inseam Cotton Soft Jogger with Zipper Pockets Cargo Pants",https://m.media-amazon.com/images/I/51dpvtmtkJL._AC_UL320_.jpg,https://www.amazon.com/dp/B089SZ26DR,4.3,0,37.99,0.0,116,False,200
B01MU8SKPF,Women's Plus Size Nursing Bra Support Nursing Sports Bra Cotton Breastfeeding Maternity Bras,https://m.media-amazon.com/images/I/81fjG7Y7ZgL._AC_UL320_.jpg,https://www.amazon.com/dp/B01MU8SKPF,4.5,0,23.99,0.0,116,False,100
B00GJASUL6,Bali Women's Comfort Revolution Crop Top,https://m.media-amazon.com/images/I/71-d4b1qbIS._AC_UL320_.jpg,https://www.amazon.com/dp/B00GJASUL6,4.2,0,19.53,30.0,116,False,100
B0CC46J9RQ,Women‘s Yoga Jumpsuits Ribbed One Piece Workout Short Sleeve Tops Exercise Jumpsuits,https://m.media-amazon.com/images/I/61eqcrOf3AL._AC_UL320_.jpg,https://www.amazon.com/dp/B0CC46J9RQ,4.1,0,28.99,0.0,116,False,300
B0B68C55BC,Women's Spaghetti Straps Satin Ruched Tie Waist Cowl Neck Party Mini Dress,https://m.media-amazon.com/images/I/6104HmnrM4L._MCnd_AC_UL320_.jpg,https://www.amazon.com/dp/B0B68C55BC,4.0,0,36.99,0.0,116,False,100
B079MDPR56,"Jurassic World Kids Headphones, Adjustable Headband, Stereo Sound, 3.5Mm Jack, Wired Headphones for Kids, Tangle-Free, Volume Control, Childrens Headphones Over Ear for School Home, Travel",https://m.media-amazon.com/images/I/71vyT1vja4L._AC_UL320_.jpg,https://www.amazon.com/dp/B079MDPR56,4.4,3993,19.89,0.0,71,False,500
B006XA7JY6,eKids IHOME Minnie Mouse Headphones,https://m.media-amazon.com/images/I/71MPOhq29uL._AC_UL320_.jpg,https://www.amazon.com/dp/B006XA7JY6,4.5,3778,17.64,0.0,71,False,100
B00HYH7HXA,V-MODA Crossfade LP2 Vocal Limited Edition Over-Ear Noise-Isolating Metal Headphone - Matte Black,https://m.media-amazon.com/images/I/71ogTUvsWqL._AC_UL320_.jpg,https://www.amazon.com/dp/B00HYH7HXA,4.5,1551,149.99,199.99,71,False,50
B004Z4C0RI,"Disney Princess Kids Headphones For Kids Adjustable Stereo Tangle-Free 3.5Mm Jack Wired Cord Over Ear Headset For Children Parental Volume Control Kid Friendly Safe (Frustration Free Packaging), DP-140.EXv6, Pink",https://m.media-amazon.com/images/I/81AiPxDOJ1L._AC_UL320_.jpg,https://www.amazon.com/dp/B004Z4C0RI,4.5,2154,19.99,0.0,71,False,200
B01AIO8XVA,"AKG Pro Audio K92 Over-Ear, Closed-Back, Studio Headphones, Matte Black and Gold",https://m.media-amazon.com/images/I/617bCEDc8WL._AC_UL320_.jpg,https://www.amazon.com/dp/B01AIO8XVA,4.5,5697,50.0,0.0,71,False,100
B08VRR81CC,"MIPEACE Ear plug Headphones For Work, custom-fit work earbuds earphones-safety headphones for construction industrial",https://m.media-amazon.com/images/I/61Su+A4rT7L._AC_UL320_.jpg,https://www.amazon.com/dp/B08VRR81CC,4.1,233,18.99,0.0,71,False,50
B0C5F7JYJC,MUSICOZY Sleep Headphones Bluetooth Sleep Eye Mask for Sleeping Wireless Music Sleeping Headphones Headband Eye Mask Sleep Earbuds for Side Sleepers Men Women with Speakers Cool Tech Gadgets,https://m.media-amazon.com/images/I/81jpOKfVG1L._AC_UL320_.jpg,https://www.amazon.com/dp/B0C5F7JYJC,4.3,355,22.99,0.0,71,False,50
B00EWOK09G,"Shure SE112 PRO Wired Earbuds - Professional Sound Isolating Earphones with Single Dynamic MicroDriver, Secure In-Ear Fit, Fixed Cable, Durable Quality - Gray (SE112-GR)",https://m.media-amazon.com/images/I/519Gig+qQ+L._AC_UL320_.jpg,https://www.amazon.com/dp/B00EWOK09G,4.3,706,59.0,79.0,71,False,100
B00HVLUR54,"Audio-Technica ATH-M40x Professional Studio Monitor Headphone, Black, with Cutting Edge Engineering, 90 Degree Swiveling Earcups, Pro-grade Earpads/Headband, Detachable Cables Included",https://m.media-amazon.com/images/I/71f3sseq+JL._AC_UL320_.jpg,https://www.amazon.com/dp/B00HVLUR54,4.6,14699,99.0,0.0,71,False,800
B08WJLZVHB,"3M Pro-Comms Electronic Hearing Protection with Bluetooth Wireless Technology and External Microphones, Bluetooth Headphones, NRR 26 dB,Black/Red",https://m.media-amazon.com/images/I/81LWTviEfsL._AC_UL320_.jpg,https://www.amazon.com/dp/B08WJLZVHB,4.1,151,122.74,179.99,71,False,200
